true_folder,frame,predicted_cluster,distance_distribution
Alan_Ball,0001.jpg,0,0.9136;1.2906
Alan_Ball,0002.jpg,0,0.8967;1.3379
Alan_Ball,0003.jpg,0,0.7068;1.3196
Alan_Ball,0004.jpg,0,0.7246;1.3449
Alan_Ball,0005.jpg,0,0.7925;1.3291
Alan_Ball,0006.jpg,0,0.9121;1.3226
Alan_Ball,0007.jpg,0,0.7763;1.3999
Alan_Ball,0008.jpg,0,0.8228;1.4298
Alan_Ball,0009.jpg,0,0.7174;1.3697
Alan_Ball,0010.jpg,0,0.8229;1.3582
Alan_Ball,0011.jpg,0,0.8484;1.2905
Alan_Ball,0012.jpg,0,0.7622;1.3297
Alan_Ball,0013.jpg,0,0.7329;1.3783
Alan_Ball,0014.jpg,0,0.8217;1.3290
Alan_Ball,0015.jpg,0,0.7354;1.3154
Alan_Ball,0016.jpg,0,0.8514;1.3579
Alan_Ball,0017.jpg,0,0.8342;1.3914
Alan_Ball,0018.jpg,0,0.7635;1.3598
Alan_Ball,0019.jpg,0,0.7557;1.3585
Alan_Ball,0020.jpg,0,0.9359;1.2878
Alan_Ball,0021.jpg,0,0.6501;1.3266
Alan_Ball,0022.jpg,0,0.9005;1.2888
Alan_Ball,0023.jpg,0,0.6692;1.3103
Alan_Ball,0024.jpg,0,0.7916;1.3779
Alan_Ball,0025.jpg,0,0.8905;1.3783
Alan_Ball,0026.jpg,1,1.4025;1.3341
Alan_Ball,0027.jpg,0,0.6242;1.3503
Alan_Ball,0028.jpg,0,0.7647;1.3911
Alan_Ball,0029.jpg,0,0.7112;1.3834
Alan_Ball,0030.jpg,0,0.8908;1.3466
Alan_Ball,0031.jpg,0,0.7812;1.4021
Alan_Ball,0032.jpg,0,0.8223;1.3684
Alan_Ball,0033.jpg,0,0.7048;1.3333
Alan_Ball,0034.jpg,0,0.8966;1.3661
Alan_Ball,0035.jpg,0,0.8163;1.3163
Alan_Ball,0036.jpg,0,0.8274;1.3669
Alan_Ball,0037.jpg,0,0.8943;1.3928
Alan_Ball,0038.jpg,0,0.7760;1.4156
Alan_Ball,0039.jpg,0,0.7572;1.3222
Alan_Ball,0040.jpg,0,0.8251;1.3201
Alan_Ball,0041.jpg,0,0.8382;1.4219
Alan_Ball,0042.jpg,0,1.3510;1.3742
Alan_Ball,0043.jpg,0,0.9081;1.3036
Alan_Ball,0044.jpg,0,0.8365;1.3440
Alan_Ball,0045.jpg,0,0.8202;1.3521
Alan_Ball,0046.jpg,0,0.9664;1.3331
Alan_Ball,0047.jpg,1,1.3709;1.3392
Alan_Ball,0048.jpg,0,0.8348;1.3384
Alan_Ball,0049.jpg,0,0.8877;1.3092
Alan_Ball,0050.jpg,0,0.7963;1.2602
Alan_Ball,0051.jpg,0,0.8324;1.3606
Alan_Ball,0052.jpg,0,0.7271;1.3456
Alan_Ball,0053.jpg,0,0.7631;1.3463
Alan_Ball,0054.jpg,0,0.8782;1.3766
Alan_Ball,0055.jpg,0,0.9705;1.3014
Alan_Ball,0056.jpg,0,0.8178;1.3048
Alan_Ball,0057.jpg,0,0.7542;1.3325
Alan_Ball,0058.jpg,0,0.7179;1.2755
Alan_Ball,0059.jpg,0,0.7766;1.3312
Alan_Ball,0060.jpg,0,0.6362;1.3567
Alan_Ball,0061.jpg,0,0.8320;1.3270
Alan_Ball,0062.jpg,0,0.7564;1.3386
Alan_Ball,0063.jpg,0,0.7152;1.3232
Alan_Ball,0064.jpg,0,0.7262;1.3495
Alan_Ball,0065.jpg,0,0.7364;1.3325
Alan_Ball,0066.jpg,0,0.7871;1.3524
Alan_Ball,0067.jpg,0,0.8384;1.3194
Alan_Ball,0068.jpg,0,0.6975;1.3640
Alan_Ball,0069.jpg,0,0.9827;1.3746
Alan_Ball,0070.jpg,0,0.6703;1.3103
Alan_Ball,0071.jpg,0,0.6755;1.3333
Alan_Ball,0072.jpg,0,0.7196;1.2632
Alan_Ball,0073.jpg,0,0.7604;1.3347
Alan_Ball,0074.jpg,0,0.8284;1.3768
Alan_Ball,0075.jpg,0,0.7782;1.3386
Alan_Ball,0076.jpg,0,0.7826;1.3717
Alan_Ball,0077.jpg,0,0.7456;1.3730
Alan_Ball,0078.jpg,0,0.7691;1.3122
Alan_Ball,0079.jpg,0,0.8334;1.3524
Alan_Ball,0080.jpg,0,0.9241;1.3468
Alan_Ball,0081.jpg,0,0.7928;1.3272
Alan_Ball,0082.jpg,0,0.8410;1.3796
Alan_Ball,0083.jpg,0,0.8485;1.3566
Alan_Ball,0084.jpg,0,0.8833;1.3656
Alan_Ball,0085.jpg,0,0.6248;1.3758
Alan_Ball,0086.jpg,0,0.7801;1.3259
Alan_Ball,0087.jpg,0,0.7671;1.3682
Alan_Ball,0088.jpg,0,0.7859;1.3624
Alan_Ball,0089.jpg,0,0.7436;1.3904
Alan_Ball,0090.jpg,0,0.8716;1.3488
Alan_Ball,0091.jpg,0,0.7186;1.3830
Alan_Ball,0092.jpg,0,0.9887;1.3969
Alan_Ball,0093.jpg,0,0.7994;1.3716
Alan_Ball,0094.jpg,0,0.8420;1.4168
Alan_Ball,0095.jpg,0,0.7312;1.3434
Alan_Ball,0096.jpg,0,0.6675;1.2856
Alan_Ball,0097.jpg,0,0.7844;1.3665
Alan_Ball,0098.jpg,0,0.8136;1.4030
Alan_Ball,0099.jpg,0,0.8973;1.3520
Alan_Ball,0100.jpg,0,0.9040;1.4068
Alan_Ball,0101.jpg,1,1.3782;1.3203
Alan_Ball,0102.jpg,0,0.7607;1.3480
Alan_Ball,0103.jpg,0,0.8922;1.3418
Alan_Ball,0104.jpg,0,0.7204;1.3480
Alan_Ball,0105.jpg,0,0.7266;1.3729
Alan_Ball,0106.jpg,0,0.8822;1.3290
Alan_Ball,0107.jpg,0,0.8507;1.3732
Alan_Ball,0108.jpg,0,0.8108;1.3492
Alan_Ball,0109.jpg,0,0.6239;1.3622
Alan_Ball,0110.jpg,0,0.7425;1.3157
Alan_Ball,0111.jpg,0,0.8305;1.3981
Alan_Ball,0112.jpg,0,0.7854;1.3896
Alan_Ball,0113.jpg,0,0.7192;1.3370
Alan_Ball,0114.jpg,0,0.7633;1.3560
Alan_Ball,0115.jpg,0,0.8245;1.3735
Alan_Ball,0116.jpg,0,0.7245;1.2871
Alan_Ball,0117.jpg,0,0.8064;1.4013
Alan_Ball,0118.jpg,0,0.8270;1.4136
Alan_Ball,0119.jpg,0,1.3764;1.3864
Alan_Ball,0120.jpg,0,0.8453;1.3796
Alan_Ball,0121.jpg,0,0.7058;1.3147
Alan_Ball,0122.jpg,0,0.7051;1.3710
Alan_Ball,0123.jpg,0,0.9078;1.2733
Alan_Ball,0124.jpg,0,0.8709;1.3840
Alan_Ball,0125.jpg,0,0.6931;1.3258
Alan_Ball,0126.jpg,0,0.8521;1.3906
Alan_Ball,0127.jpg,0,0.8473;1.2949
Alan_Ball,0128.jpg,0,0.7300;1.3071
Alan_Ball,0129.jpg,0,0.7864;1.3627
Alan_Ball,0130.jpg,0,0.8974;1.3440
Alan_Ball,0131.jpg,0,0.7750;1.3138
Alan_Ball,0132.jpg,0,0.7799;1.3493
Alan_Ball,0133.jpg,0,0.7700;1.3831
Alan_Ball,0134.jpg,0,0.7608;1.3173
Alan_Ball,0135.jpg,0,0.7365;1.3775
Alan_Ball,0136.jpg,0,0.8501;1.4110
Alan_Ball,0137.jpg,0,0.8253;1.3686
Alan_Ball,0138.jpg,0,0.8634;1.3968
Alan_Ball,0139.jpg,0,0.8843;1.3855
Alan_Ball,0140.jpg,0,0.9492;1.3275
Alan_Ball,0141.jpg,0,0.8979;1.4139
Alan_Ball,0142.jpg,0,1.0099;1.4236
Alan_Ball,0143.jpg,0,0.6996;1.3476
Alan_Ball,0144.jpg,0,0.7955;1.3141
Alan_Ball,0145.jpg,0,0.8479;1.3027
Alan_Ball,0146.jpg,0,0.6877;1.3536
Alan_Ball,0147.jpg,0,0.8539;1.3921
Alan_Ball,0148.jpg,0,0.8872;1.3769
Alan_Ball,0149.jpg,0,0.8216;1.3925
Alan_Ball,0150.jpg,0,0.8589;1.3943
Alan_Ball,0151.jpg,0,0.8672;1.4512
Alan_Ball,0152.jpg,0,0.6462;1.3288
Alan_Ball,0153.jpg,0,0.8365;1.4057
Alan_Ball,0154.jpg,0,0.7158;1.3692
Alan_Ball,0155.jpg,0,1.0731;1.3678
Alan_Ball,0156.jpg,0,0.9690;1.2725
Alan_Ball,0157.jpg,0,0.7570;1.3128
Alan_Ball,0158.jpg,0,0.7577;1.3649
Alan_Ball,0159.jpg,0,0.8514;1.3472
Alan_Ball,0160.jpg,0,0.6747;1.3814
Alan_Ball,0161.jpg,0,0.6782;1.3912
Alan_Ball,0162.jpg,0,0.8188;1.2976
Alan_Ball,0163.jpg,0,0.6993;1.4006
Alan_Ball,0164.jpg,0,0.7721;1.3758
Alan_Ball,0165.jpg,0,0.6830;1.3072
Alan_Ball,0166.jpg,0,0.7673;1.3263
Alan_Ball,0167.jpg,0,0.6777;1.2690
Alan_Ball,0168.jpg,0,0.7986;1.3544
Alan_Ball,0169.jpg,0,0.7133;1.2853
Alan_Ball,0170.jpg,0,0.7218;1.3448
Alan_Ball,0171.jpg,0,0.8001;1.3481
Alan_Ball,0172.jpg,0,0.6578;1.3274
Alan_Ball,0173.jpg,0,0.8305;1.3471
Alan_Ball,0174.jpg,0,0.9755;1.3955
Alan_Ball,0175.jpg,0,0.8549;1.3686
Alan_Ball,0176.jpg,0,0.6885;1.3422
Alan_Ball,0177.jpg,0,0.7465;1.3249
Alan_Ball,0178.jpg,0,0.7477;1.3058
Alan_Ball,0179.jpg,0,1.0489;1.3778
Alan_Ball,0180.jpg,0,0.7275;1.2913
Alan_Ball,0181.jpg,0,0.8611;1.3543
Alan_Ball,0182.jpg,0,0.6795;1.3287
Alan_Ball,0183.jpg,0,0.7907;1.3335
Alan_Ball,0184.jpg,0,1.3609;1.3711
Alan_Ball,0185.jpg,0,0.7993;1.3556
Alan_Ball,0186.jpg,0,0.7336;1.3711
Alan_Ball,0187.jpg,0,0.8246;1.3674
Alan_Ball,0188.jpg,0,0.8821;1.3572
Alan_Ball,0189.jpg,0,0.7188;1.3526
Alan_Ball,0190.jpg,0,0.8324;1.3724
Alan_Ball,0191.jpg,0,0.8360;1.2986
Alan_Ball,0192.jpg,0,0.8130;1.2845
Alan_Ball,0193.jpg,0,0.8132;1.2840
Alan_Ball,0194.jpg,0,0.8132;1.3771
Alan_Ball,0195.jpg,0,0.6658;1.3443
Alan_Ball,0196.jpg,0,0.9992;1.3660
Alan_Ball,0197.jpg,0,0.7296;1.3301
Alan_Ball,0198.jpg,0,0.8365;1.3213
Alan_Ball,0199.jpg,0,0.7731;1.3376
Alan_Ball,0200.jpg,0,0.8638;1.3187
Alan_Ball,0201.jpg,1,1.3625;1.3533
Alan_Ball,0202.jpg,0,0.7457;1.3840
Alan_Ball,0203.jpg,0,0.8657;1.3611
Alan_Ball,0204.jpg,0,0.7155;1.2776
Alan_Ball,0205.jpg,0,0.8405;1.3386
Alan_Ball,0206.jpg,0,0.6830;1.3115
Alan_Ball,0207.jpg,0,0.7519;1.3309
Alan_Ball,0208.jpg,1,1.3649;1.3631
Alan_Ball,0209.jpg,0,0.7814;1.3625
Alan_Ball,0210.jpg,0,0.8169;1.3881
Alan_Ball,0211.jpg,0,1.3611;1.3658
Alan_Ball,0212.jpg,0,0.8618;1.3214
Alan_Ball,0213.jpg,0,0.7347;1.3274
Alan_Ball,0214.jpg,0,0.8264;1.3623
Alan_Ball,0215.jpg,0,0.8841;1.3826
Alan_Ball,0216.jpg,0,0.6852;1.2867
Alan_Ball,0217.jpg,0,0.8123;1.3907
Alan_Ball,0218.jpg,0,1.3466;1.3542
Alan_Ball,0219.jpg,0,0.7491;1.3273
Alan_Ball,0220.jpg,0,0.7810;1.3525
Alan_Ball,0221.jpg,0,0.8004;1.3892
Alan_Ball,0222.jpg,0,0.7243;1.3529
Alan_Ball,0223.jpg,0,0.8917;1.3712
Alan_Ball,0224.jpg,0,0.7495;1.3868
Alan_Ball,0225.jpg,0,0.7335;1.3622
Alan_Ball,0226.jpg,0,0.9638;1.3867
Alan_Ball,0227.jpg,0,0.8169;1.3793
Alan_Ball,0228.jpg,0,0.8425;1.3501
Alan_Ball,0229.jpg,0,0.8979;1.3655
Alan_Ball,0230.jpg,0,0.8299;1.3771
Alan_Ball,0231.jpg,0,0.7231;1.3906
Alan_Ball,0232.jpg,0,0.8407;1.3193
Alan_Ball,0233.jpg,0,0.7431;1.3491
Alan_Ball,0234.jpg,0,0.8633;1.3932
Alan_Ball,0235.jpg,0,0.8044;1.4182
Alan_Ball,0236.jpg,0,0.8704;1.3680
Alan_Ball,0237.jpg,0,0.8017;1.3521
Alan_Ball,0238.jpg,0,0.7375;1.3288
Alan_Ball,0239.jpg,0,1.3311;1.3663
Alan_Ball,0240.jpg,0,1.0361;1.3854
Alan_Ball,0241.jpg,0,0.8077;1.3430
Alan_Ball,0242.jpg,0,0.7909;1.3023
Alan_Ball,0243.jpg,0,0.8563;1.3983
Alan_Ball,0244.jpg,0,0.8669;1.3493
Alan_Ball,0245.jpg,0,0.7071;1.3541
Alan_Ball,0246.jpg,0,0.7034;1.3511
Alan_Ball,0247.jpg,0,0.8629;1.3215
Alan_Ball,0248.jpg,0,0.7336;1.3299
Alan_Ball,0249.jpg,0,0.8562;1.3440
Alan_Ball,0250.jpg,0,0.8033;1.3531
Alan_Ball,0251.jpg,0,0.7262;1.3296
Alan_Ball,0252.jpg,0,0.7560;1.2716
Alan_Ball,0253.jpg,0,0.8503;1.3801
Alan_Ball,0254.jpg,0,0.8431;1.3564
Alan_Ball,0255.jpg,0,0.8424;1.3593
Alan_Ball,0256.jpg,0,0.8301;1.3527
Alan_Ball,0257.jpg,0,0.7931;1.3684
Alan_Ball,0258.jpg,0,0.7859;1.3098
Alan_Ball,0259.jpg,0,0.7425;1.3111
Alan_Ball,0260.jpg,0,0.8048;1.3493
Alan_Ball,0261.jpg,0,0.7295;1.3512
Alan_Ball,0262.jpg,0,0.7150;1.3736
Alan_Ball,0263.jpg,0,0.8594;1.3548
Alan_Ball,0264.jpg,0,0.9295;1.3138
Alan_Ball,0265.jpg,1,1.3531;1.3288
Alan_Ball,0266.jpg,0,0.8460;1.3652
Alan_Ball,0267.jpg,0,0.9110;1.2887
Alan_Ball,0268.jpg,0,0.8283;1.3546
Alan_Ball,0269.jpg,0,0.9065;1.3571
Alan_Ball,0270.jpg,0,0.7066;1.3819
Alan_Ball,0271.jpg,0,0.7884;1.3148
Alan_Ball,0272.jpg,0,0.7832;1.3373
Alan_Ball,0273.jpg,0,0.9070;1.2828
Alan_Ball,0274.jpg,0,0.9005;1.3747
Alan_Ball,0275.jpg,0,0.7903;1.3216
Alan_Ball,0276.jpg,0,0.7598;1.3494
Alan_Ball,0277.jpg,0,0.7448;1.2976
Alan_Ball,0278.jpg,0,0.7181;1.3243
Alan_Ball,0279.jpg,0,0.6801;1.3390
Alan_Ball,0280.jpg,0,0.6961;1.3134
Alan_Ball,0281.jpg,0,0.6903;1.3170
Alan_Ball,0282.jpg,0,0.7411;1.3122
Alan_Ball,0283.jpg,0,0.6884;1.3150
Alan_Ball,0284.jpg,0,0.8888;1.3298
Alan_Ball,0285.jpg,0,0.6536;1.3312
Alan_Ball,0286.jpg,0,0.8461;1.3498
Alan_Ball,0287.jpg,0,0.9645;1.3536
Alan_Ball,0288.jpg,0,0.8834;1.3586
Alan_Ball,0289.jpg,0,0.8121;1.3514
Alan_Ball,0290.jpg,0,0.7696;1.3554
Alan_Ball,0291.jpg,0,0.7825;1.3523
Alan_Ball,0292.jpg,0,0.8504;1.4001
Alan_Ball,0293.jpg,0,0.6963;1.3635
Alan_Ball,0294.jpg,0,0.8829;1.3123
Alan_Ball,0295.jpg,0,0.8289;1.3076
Alan_Ball,0296.jpg,0,0.7898;1.3866
Alan_Ball,0297.jpg,0,0.7672;1.3894
Alan_Ball,0298.jpg,0,0.6261;1.3724
Alan_Ball,0299.jpg,0,0.8630;1.3018
Alan_Ball,0300.jpg,0,0.7087;1.3318
Alan_Ball,0301.jpg,0,0.6563;1.3055
Alan_Ball,0302.jpg,0,0.8616;1.3348
Alan_Ball,0303.jpg,0,0.8942;1.3402
Alan_Ball,0304.jpg,0,0.8696;1.3050
Alan_Ball,0305.jpg,0,0.8173;1.3927
Alan_Ball,0306.jpg,0,0.7891;1.4256
Alan_Ball,0307.jpg,0,0.7064;1.3805
Alan_Ball,0308.jpg,0,0.7349;1.3291
Alan_Ball,0309.jpg,0,0.6424;1.3285
Alan_Ball,0310.jpg,0,0.7944;1.3633
Alan_Ball,0311.jpg,0,0.9012;1.3312
Alan_Ball,0312.jpg,0,0.7950;1.3441
Alan_Ball,0313.jpg,0,0.6953;1.3596
Alan_Ball,0314.jpg,0,0.8326;1.3424
Alan_Ball,0315.jpg,0,0.6793;1.3120
Alan_Ball,0316.jpg,0,0.8405;1.3118
Alan_Ball,0317.jpg,0,0.8110;1.3406
Alan_Ball,0318.jpg,0,0.7492;1.3708
Alan_Ball,0319.jpg,0,0.8579;1.3147
Alan_Ball,0320.jpg,0,0.6401;1.3447
Alan_Ball,0321.jpg,0,0.8655;1.3427
Alan_Ball,0322.jpg,0,0.8692;1.3617
Alan_Ball,0323.jpg,0,0.7445;1.4069
Alan_Ball,0324.jpg,0,0.7824;1.3448
Alan_Ball,0325.jpg,0,0.8154;1.3586
Alan_Ball,0326.jpg,0,0.7708;1.3118
Alan_Ball,0327.jpg,0,0.7780;1.3021
Alan_Ball,0328.jpg,0,0.6274;1.3123
Alan_Ball,0329.jpg,0,0.7342;1.3473
Alan_Ball,0330.jpg,0,0.8369;1.3054
Alan_Ball,0331.jpg,0,0.7045;1.3375
Alan_Ball,0332.jpg,0,0.8197;1.2868
Alan_Ball,0333.jpg,0,0.8889;1.3912
Alan_Ball,0334.jpg,0,0.7719;1.3457
Alan_Ball,0335.jpg,0,0.8116;1.4092
Alan_Ball,0336.jpg,0,0.8275;1.4136
Alan_Ball,0337.jpg,0,0.6454;1.3325
Alan_Ball,0338.jpg,0,0.9945;1.3698
Alan_Ball,0339.jpg,0,0.7160;1.3511
Alan_Ball,0340.jpg,0,0.7566;1.3661
Alan_Ball,0341.jpg,0,0.7161;1.3862
Alan_Ball,0342.jpg,0,0.6508;1.3769
Alan_Ball,0343.jpg,0,0.7609;1.3006
Alan_Ball,0344.jpg,0,0.7502;1.3309
Alan_Ball,0345.jpg,0,0.9157;1.3414
Alan_Ball,0346.jpg,0,0.7377;1.3093
Alan_Ball,0347.jpg,0,0.6953;1.3479
Alan_Ball,0348.jpg,0,0.6936;1.3438
Alan_Ball,0349.jpg,0,0.7208;1.3121
Alan_Ball,0350.jpg,0,0.7272;1.3870
Alan_Ball,0351.jpg,0,0.7260;1.3639
Alan_Ball,0352.jpg,0,0.9000;1.3155
Alan_Ball,0353.jpg,0,0.9378;1.2944
Alan_Ball,0354.jpg,0,0.8942;1.3718
Alan_Ball,0355.jpg,0,1.3551;1.3834
Alan_Ball,0356.jpg,0,0.8017;1.3737
Alan_Ball,0357.jpg,0,0.7672;1.3553
Alan_Ball,0358.jpg,0,0.9005;1.3504
Alan_Ball,0359.jpg,0,0.7254;1.3336
Alan_Ball,0360.jpg,0,0.6222;1.3438
Alan_Ball,0361.jpg,0,0.7681;1.3497
Alan_Ball,0362.jpg,0,0.8708;1.2966
Alan_Ball,0363.jpg,0,0.9302;1.3457
Alan_Ball,0364.jpg,0,0.9463;1.3757
Alan_Ball,0365.jpg,0,0.6907;1.3184
Alan_Ball,0366.jpg,0,0.8162;1.3345
Alan_Ball,0367.jpg,0,0.7591;1.3788
Alan_Ball,0368.jpg,0,0.6991;1.3773
Alan_Ball,0369.jpg,0,0.9571;1.3583
Alan_Ball,0370.jpg,0,0.9015;1.3229
Alan_Ball,0371.jpg,0,0.8423;1.3404
Alan_Ball,0372.jpg,0,0.8179;1.3083
Alan_Ball,0373.jpg,0,0.7970;1.3044
Alan_Ball,0374.jpg,0,0.8211;1.3181
Alan_Ball,0375.jpg,0,0.7537;1.3482
Alan_Ball,0376.jpg,0,0.8480;1.3949
Alan_Ball,0377.jpg,0,0.8303;1.3485
Alan_Ball,0378.jpg,0,0.6633;1.3371
Alan_Ball,0379.jpg,0,0.9350;1.3177
Alan_Ball,0380.jpg,0,0.6430;1.3463
Alan_Ball,0381.jpg,0,0.8091;1.3729
Alan_Ball,0382.jpg,0,0.6716;1.3447
Alan_Ball,0383.jpg,0,0.9886;1.3668
Alan_Ball,0384.jpg,0,0.8012;1.3093
Alan_Ball,0385.jpg,0,0.7811;1.3682
Alan_Ball,0386.jpg,0,0.7894;1.3776
Alan_Ball,0387.jpg,0,0.6839;1.3547
Alan_Ball,0388.jpg,0,0.7532;1.3389
Alan_Ball,0389.jpg,0,1.3542;1.3743
Alan_Ball,0390.jpg,0,0.6885;1.3393
Alan_Ball,0391.jpg,0,0.7626;1.4096
Alan_Ball,0392.jpg,0,0.7275;1.2678
Alan_Ball,0393.jpg,0,0.8486;1.2996
Alan_Ball,0394.jpg,0,0.7992;1.3133
Alan_Ball,0395.jpg,0,0.8045;1.3404
Alan_Ball,0396.jpg,0,0.8849;1.3669
Alan_Ball,0397.jpg,0,0.7806;1.3503
Alan_Ball,0398.jpg,0,0.6716;1.3259
Alan_Ball,0399.jpg,0,0.8625;1.3665
Alan_Ball,0400.jpg,0,0.9107;1.2995
Alan_Ball,0401.jpg,0,0.8066;1.4012
Alan_Ball,0402.jpg,0,0.7768;1.3235
Alan_Ball,0403.jpg,0,1.3614;1.3863
Alan_Ball,0404.jpg,0,0.8472;1.3510
Alan_Ball,0405.jpg,0,0.7797;1.3196
Alan_Ball,0406.jpg,0,0.7920;1.3593
Alan_Ball,0407.jpg,0,0.8239;1.3811
Alan_Ball,0408.jpg,0,0.7629;1.3511
Alan_Ball,0409.jpg,0,0.7139;1.3422
Alan_Ball,0410.jpg,0,0.9954;1.4111
Alan_Ball,0411.jpg,0,0.9273;1.2938
Alan_Ball,0412.jpg,0,0.7208;1.3981
Alan_Ball,0413.jpg,0,0.8427;1.3550
Alan_Ball,0414.jpg,0,0.9792;1.4057
Alan_Ball,0415.jpg,0,0.8657;1.3838
Alan_Ball,0416.jpg,0,0.6303;1.3158
Alan_Ball,0417.jpg,0,0.7898;1.3607
Alan_Ball,0418.jpg,0,0.6671;1.3138
Alan_Ball,0419.jpg,0,0.7144;1.3087
Alan_Ball,0420.jpg,0,0.7615;1.3834
Alan_Ball,0421.jpg,0,0.8783;1.3249
Alan_Ball,0422.jpg,0,0.7402;1.3257
Alan_Ball,0423.jpg,0,0.6798;1.3580
Alan_Ball,0424.jpg,0,0.9253;1.2934
Alan_Ball,0425.jpg,0,0.7500;1.3096
Alan_Ball,0426.jpg,0,0.7731;1.3746
Alan_Ball,0427.jpg,0,0.7844;1.3863
Alan_Ball,0428.jpg,0,0.8419;1.3811
Alan_Ball,0429.jpg,0,0.8837;1.3163
Alan_Ball,0430.jpg,0,0.6875;1.3947
Alan_Ball,0431.jpg,0,0.7743;1.3157
Alan_Ball,0432.jpg,0,0.9105;1.3060
Manuel_Pellegrini,0001.jpg,1,1.4251;0.7770
Manuel_Pellegrini,0002.jpg,1,1.3884;0.7364
Manuel_Pellegrini,0003.jpg,1,1.4151;0.6299
Manuel_Pellegrini,0004.jpg,1,1.3993;0.7699
Manuel_Pellegrini,0005.jpg,1,1.4508;0.6543
Manuel_Pellegrini,0006.jpg,1,1.4326;0.6838
Manuel_Pellegrini,0007.jpg,1,1.4299;0.6683
Manuel_Pellegrini,0008.jpg,1,1.4475;0.7540
Manuel_Pellegrini,0009.jpg,1,1.4794;0.7036
Manuel_Pellegrini,0010.jpg,1,1.4398;0.7607
Manuel_Pellegrini,0011.jpg,1,1.4474;0.6442
Manuel_Pellegrini,0012.jpg,1,1.3924;0.6363
Manuel_Pellegrini,0013.jpg,1,1.4587;0.7218
Manuel_Pellegrini,0014.jpg,1,1.4519;0.7496
Manuel_Pellegrini,0015.jpg,1,1.4155;0.6981
Manuel_Pellegrini,0016.jpg,1,1.4892;0.7691
Manuel_Pellegrini,0017.jpg,1,1.4647;0.7075
Manuel_Pellegrini,0018.jpg,1,1.4012;0.7455
Manuel_Pellegrini,0019.jpg,1,1.4221;0.7780
Manuel_Pellegrini,0020.jpg,1,1.3970;0.7255
Manuel_Pellegrini,0021.jpg,1,1.4119;0.7756
Manuel_Pellegrini,0022.jpg,1,1.4249;0.7125
Manuel_Pellegrini,0023.jpg,1,1.4705;0.6419
Manuel_Pellegrini,0024.jpg,1,1.4583;0.6822
Manuel_Pellegrini,0025.jpg,1,1.4152;0.6593
Manuel_Pellegrini,0026.jpg,1,1.4161;0.7711
Manuel_Pellegrini,0027.jpg,1,1.3975;0.7795
Manuel_Pellegrini,0028.jpg,1,1.4203;0.6276
Manuel_Pellegrini,0029.jpg,1,1.3970;0.8448
Manuel_Pellegrini,0030.jpg,1,1.4206;0.6130
Manuel_Pellegrini,0031.jpg,1,1.4172;0.6914
Manuel_Pellegrini,0032.jpg,1,1.3870;0.7635
Manuel_Pellegrini,0033.jpg,1,1.4792;0.7430
Manuel_Pellegrini,0034.jpg,1,1.4276;0.6903
Manuel_Pellegrini,0035.jpg,1,1.4307;0.7133
Manuel_Pellegrini,0036.jpg,1,1.4119;0.7312
Manuel_Pellegrini,0037.jpg,1,1.4366;0.7664
Manuel_Pellegrini,0038.jpg,1,1.4769;0.6807
Manuel_Pellegrini,0039.jpg,1,1.4027;0.7401
Manuel_Pellegrini,0040.jpg,1,1.3986;0.6923
Manuel_Pellegrini,0041.jpg,1,1.4150;0.7902
Manuel_Pellegrini,0042.jpg,1,1.4397;0.7310
Manuel_Pellegrini,0043.jpg,1,1.4235;0.7371
Manuel_Pellegrini,0044.jpg,1,1.4611;0.7970
Manuel_Pellegrini,0045.jpg,1,1.3795;0.6973
Manuel_Pellegrini,0046.jpg,1,1.4928;0.7811
Manuel_Pellegrini,0047.jpg,1,1.4196;0.6289
Manuel_Pellegrini,0048.jpg,1,1.4060;0.7339
Manuel_Pellegrini,0049.jpg,1,1.4457;0.6758
Manuel_Pellegrini,0050.jpg,1,1.4641;0.7065
Manuel_Pellegrini,0051.jpg,1,1.3987;0.7726
Manuel_Pellegrini,0052.jpg,1,1.4107;0.7220
Manuel_Pellegrini,0053.jpg,1,1.4165;0.6512
Manuel_Pellegrini,0054.jpg,1,1.4480;0.7338
Manuel_Pellegrini,0055.jpg,1,1.4574;0.7513
Manuel_Pellegrini,0056.jpg,1,1.4089;0.8636
Manuel_Pellegrini,0057.jpg,1,1.4072;0.7132
Manuel_Pellegrini,0058.jpg,1,1.4576;0.7340
Manuel_Pellegrini,0059.jpg,1,1.4113;0.6630
Manuel_Pellegrini,0060.jpg,1,1.4300;0.7598
Manuel_Pellegrini,0061.jpg,1,1.3924;0.7430
Manuel_Pellegrini,0062.jpg,1,1.4670;0.7203
Manuel_Pellegrini,0063.jpg,1,1.4798;0.7711
Manuel_Pellegrini,0064.jpg,1,1.4463;0.6575
Manuel_Pellegrini,0065.jpg,1,1.3804;0.6479
Manuel_Pellegrini,0066.jpg,1,1.3926;0.7572
Manuel_Pellegrini,0067.jpg,1,1.4812;0.7942
Manuel_Pellegrini,0068.jpg,1,1.4449;0.6285
Manuel_Pellegrini,0069.jpg,1,1.4160;0.6850
Manuel_Pellegrini,0070.jpg,1,1.4307;0.6568
Manuel_Pellegrini,0071.jpg,1,1.4230;0.6700
Manuel_Pellegrini,0072.jpg,1,1.4495;0.7144
Manuel_Pellegrini,0073.jpg,1,1.3911;0.7505
Manuel_Pellegrini,0074.jpg,1,1.4132;0.7992
Manuel_Pellegrini,0075.jpg,1,1.4028;0.7417
Manuel_Pellegrini,0076.jpg,1,1.4634;0.7603
Manuel_Pellegrini,0077.jpg,1,1.4292;0.7482
Manuel_Pellegrini,0078.jpg,1,1.4293;0.7351
Manuel_Pellegrini,0079.jpg,1,1.4254;0.7557
Manuel_Pellegrini,0080.jpg,1,1.4078;0.7535
Manuel_Pellegrini,0081.jpg,1,1.4062;0.6224
Manuel_Pellegrini,0082.jpg,1,1.4724;0.7510
Manuel_Pellegrini,0083.jpg,1,1.4145;0.7199
Manuel_Pellegrini,0084.jpg,1,1.4616;0.6765
Manuel_Pellegrini,0085.jpg,1,1.4479;0.6239
Manuel_Pellegrini,0086.jpg,1,1.4396;0.7327
Manuel_Pellegrini,0087.jpg,1,1.4354;0.7499
Manuel_Pellegrini,0088.jpg,1,1.4305;0.6816
Manuel_Pellegrini,0089.jpg,1,1.4492;0.6922
Manuel_Pellegrini,0090.jpg,1,1.4711;0.6979
Manuel_Pellegrini,0091.jpg,1,1.4307;0.8194
Manuel_Pellegrini,0092.jpg,1,1.4232;0.6422
Manuel_Pellegrini,0093.jpg,1,1.4218;0.6573
Manuel_Pellegrini,0094.jpg,1,1.3859;0.7979
Manuel_Pellegrini,0095.jpg,1,1.4120;0.7258
Manuel_Pellegrini,0096.jpg,1,1.4051;0.7437
Manuel_Pellegrini,0097.jpg,1,1.4433;0.6839
Manuel_Pellegrini,0098.jpg,1,1.4502;0.7143
Manuel_Pellegrini,0099.jpg,1,1.4013;0.6628
Manuel_Pellegrini,0100.jpg,1,1.4355;0.6731
Manuel_Pellegrini,0101.jpg,1,1.4397;0.6804
Manuel_Pellegrini,0102.jpg,1,1.4707;0.7594
Manuel_Pellegrini,0103.jpg,1,1.3996;0.8594
Manuel_Pellegrini,0104.jpg,1,1.3743;0.8784
Manuel_Pellegrini,0105.jpg,1,1.3925;0.7298
Manuel_Pellegrini,0106.jpg,1,1.4368;0.7402
Manuel_Pellegrini,0107.jpg,1,1.4153;0.6715
Manuel_Pellegrini,0108.jpg,1,1.4147;0.6848
Manuel_Pellegrini,0109.jpg,1,1.4365;0.7096
Manuel_Pellegrini,0110.jpg,1,1.4490;0.8338
Manuel_Pellegrini,0111.jpg,1,1.4354;0.7080
Manuel_Pellegrini,0112.jpg,1,1.4515;0.5584
Manuel_Pellegrini,0113.jpg,1,1.3734;0.6931
Manuel_Pellegrini,0114.jpg,1,1.3924;0.6466
Manuel_Pellegrini,0115.jpg,1,1.3580;0.8616
Manuel_Pellegrini,0116.jpg,1,1.4469;0.5717
Manuel_Pellegrini,0117.jpg,1,1.4795;0.7426
Manuel_Pellegrini,0118.jpg,1,1.4612;0.8228
Manuel_Pellegrini,0119.jpg,1,1.4293;0.6532
Manuel_Pellegrini,0120.jpg,1,1.4712;0.6944
Manuel_Pellegrini,0121.jpg,1,1.4373;0.6825
Manuel_Pellegrini,0122.jpg,1,1.4020;0.7534
Manuel_Pellegrini,0123.jpg,1,1.4045;0.7863
Manuel_Pellegrini,0124.jpg,1,1.4316;0.6321
Manuel_Pellegrini,0125.jpg,1,1.4386;0.7580
Manuel_Pellegrini,0126.jpg,1,1.4420;0.6725
Manuel_Pellegrini,0127.jpg,1,1.4330;0.6732
Manuel_Pellegrini,0128.jpg,1,1.4721;0.6448
Manuel_Pellegrini,0129.jpg,1,1.3901;0.7265
Manuel_Pellegrini,0130.jpg,1,1.4685;0.6696
Manuel_Pellegrini,0131.jpg,1,1.4418;0.7424
Manuel_Pellegrini,0132.jpg,1,1.3614;0.8051
Manuel_Pellegrini,0133.jpg,1,1.4522;0.6790
Manuel_Pellegrini,0134.jpg,1,1.4330;0.7473
Manuel_Pellegrini,0135.jpg,1,1.4653;0.7234
Manuel_Pellegrini,0136.jpg,1,1.4366;0.8454
Manuel_Pellegrini,0137.jpg,1,1.4551;0.7018
Manuel_Pellegrini,0138.jpg,1,1.3599;0.7835
Manuel_Pellegrini,0139.jpg,1,1.4484;0.6912
Manuel_Pellegrini,0140.jpg,1,1.4071;0.7739
Manuel_Pellegrini,0141.jpg,1,1.4457;0.6436
Manuel_Pellegrini,0142.jpg,1,1.4425;0.6748
Manuel_Pellegrini,0143.jpg,1,1.4236;0.7539
Manuel_Pellegrini,0144.jpg,1,1.4531;0.6680
Manuel_Pellegrini,0145.jpg,1,1.4351;0.7190
Manuel_Pellegrini,0146.jpg,1,1.4465;0.7032
Manuel_Pellegrini,0147.jpg,1,1.4321;0.7329
Manuel_Pellegrini,0148.jpg,1,1.4083;0.6291
Manuel_Pellegrini,0149.jpg,1,1.4163;0.6790
Manuel_Pellegrini,0150.jpg,1,1.4234;0.7450
Manuel_Pellegrini,0151.jpg,1,1.4802;0.7712
Manuel_Pellegrini,0152.jpg,1,1.4284;0.7237
Manuel_Pellegrini,0153.jpg,1,1.4106;0.6767
Manuel_Pellegrini,0154.jpg,1,1.4617;0.7320
Manuel_Pellegrini,0155.jpg,1,1.4431;0.6917
Manuel_Pellegrini,0156.jpg,1,1.4444;0.6758
Manuel_Pellegrini,0157.jpg,1,1.4775;0.7897
Manuel_Pellegrini,0158.jpg,1,1.4113;0.7369
Manuel_Pellegrini,0159.jpg,1,1.3870;0.6422
Manuel_Pellegrini,0160.jpg,1,1.4336;0.7896
Manuel_Pellegrini,0161.jpg,1,1.4901;0.7740
Manuel_Pellegrini,0162.jpg,1,1.4128;0.6285
Manuel_Pellegrini,0163.jpg,1,1.4327;0.7248
Manuel_Pellegrini,0164.jpg,1,1.4075;0.7395
Manuel_Pellegrini,0165.jpg,1,1.3910;0.7635
Manuel_Pellegrini,0166.jpg,1,1.3836;0.7347
Manuel_Pellegrini,0167.jpg,1,1.4224;0.7192
Manuel_Pellegrini,0168.jpg,1,1.4259;0.5751
Manuel_Pellegrini,0169.jpg,1,1.4177;0.7195
Manuel_Pellegrini,0170.jpg,1,1.4105;0.6544
Manuel_Pellegrini,0171.jpg,1,1.4582;0.6235
Manuel_Pellegrini,0172.jpg,1,1.4189;0.7675
Manuel_Pellegrini,0173.jpg,1,1.4803;0.7473
Manuel_Pellegrini,0174.jpg,1,1.4140;0.7518
Manuel_Pellegrini,0175.jpg,1,1.4399;0.6874
Manuel_Pellegrini,0176.jpg,1,1.4254;0.7475
Manuel_Pellegrini,0177.jpg,1,1.4711;0.7478
Manuel_Pellegrini,0178.jpg,1,1.4489;0.7337
Manuel_Pellegrini,0179.jpg,1,1.4435;0.6843
Manuel_Pellegrini,0180.jpg,1,1.4340;0.7096
Manuel_Pellegrini,0181.jpg,1,1.4727;0.8475
Manuel_Pellegrini,0182.jpg,1,1.4233;0.7122
Manuel_Pellegrini,0183.jpg,1,1.4736;0.6521
Manuel_Pellegrini,0184.jpg,1,1.4128;0.7244
Manuel_Pellegrini,0185.jpg,1,1.3927;0.7204
Manuel_Pellegrini,0186.jpg,1,1.4011;0.6842
Manuel_Pellegrini,0187.jpg,1,1.4416;0.7203
Manuel_Pellegrini,0188.jpg,1,1.4304;0.7525
Manuel_Pellegrini,0189.jpg,1,1.4422;0.8292
Manuel_Pellegrini,0190.jpg,1,1.4480;0.7031
Manuel_Pellegrini,0191.jpg,1,1.4727;0.7418
Manuel_Pellegrini,0192.jpg,1,1.3950;0.6370
Manuel_Pellegrini,0193.jpg,1,1.4624;0.7982
Manuel_Pellegrini,0194.jpg,1,1.4239;0.7672
Manuel_Pellegrini,0195.jpg,1,1.4293;0.7217
Manuel_Pellegrini,0196.jpg,1,1.4299;0.7100
Manuel_Pellegrini,0197.jpg,1,1.4431;0.6553
Manuel_Pellegrini,0198.jpg,1,1.4721;0.7164
Manuel_Pellegrini,0199.jpg,1,1.4419;0.6864
Manuel_Pellegrini,0200.jpg,1,1.3834;0.8348
Manuel_Pellegrini,0201.jpg,1,1.4184;0.6677
Manuel_Pellegrini,0202.jpg,1,1.4755;0.6496
Manuel_Pellegrini,0203.jpg,1,1.4443;0.6219
Manuel_Pellegrini,0204.jpg,1,1.4297;0.6819
Manuel_Pellegrini,0205.jpg,1,1.4414;0.7533
Manuel_Pellegrini,0206.jpg,1,1.4303;0.7639
Manuel_Pellegrini,0207.jpg,1,1.4205;0.7102
Manuel_Pellegrini,0208.jpg,1,1.4528;0.7156
Manuel_Pellegrini,0209.jpg,1,1.4458;0.7737
Manuel_Pellegrini,0210.jpg,1,1.4074;0.7697
Manuel_Pellegrini,0211.jpg,1,1.4583;0.7132
Manuel_Pellegrini,0212.jpg,1,1.4885;0.7611
Manuel_Pellegrini,0213.jpg,1,1.4395;0.7097
Manuel_Pellegrini,0214.jpg,1,1.4053;0.7607
Manuel_Pellegrini,0215.jpg,1,1.4501;0.6526
Manuel_Pellegrini,0216.jpg,1,1.4493;0.7780
Manuel_Pellegrini,0217.jpg,1,1.4213;0.7114
Manuel_Pellegrini,0218.jpg,1,1.4260;0.6700
Manuel_Pellegrini,0219.jpg,1,1.4479;0.7032
Manuel_Pellegrini,0220.jpg,1,1.4627;0.7921
Manuel_Pellegrini,0221.jpg,1,1.4310;0.6375
Manuel_Pellegrini,0222.jpg,1,1.4212;0.7165
Manuel_Pellegrini,0223.jpg,1,1.4373;0.5727
Manuel_Pellegrini,0224.jpg,1,1.3893;0.7294
Manuel_Pellegrini,0225.jpg,1,1.4327;0.7113
Manuel_Pellegrini,0226.jpg,1,1.4556;0.7622
Manuel_Pellegrini,0227.jpg,1,1.4288;0.7142
Manuel_Pellegrini,0228.jpg,1,1.4302;0.8127
Manuel_Pellegrini,0229.jpg,1,1.4070;0.7688
