true_folder,frame,predicted_label,probability,distance
Al_Pacino,0001.jpg,unknown,1.0000,1.1535
Al_Pacino,0002.jpg,unknown,1.0000,1.1061
Al_Pacino,0003.jpg,unknown,1.0000,1.1414
Al_Pacino,0004.jpg,unknown,1.0000,1.0885
Al_Pacino,0005.jpg,unknown,1.0000,1.0289
Al_Pacino,0006.jpg,unknown,1.0000,1.0888
Al_Pacino,0007.jpg,unknown,1.0000,1.0616
Al_Pacino,0008.jpg,unknown,1.0000,1.0684
Al_Pacino,0009.jpg,unknown,1.0000,1.1313
Al_Pacino,0010.jpg,unknown,1.0000,1.1170
Al_Pacino,0011.jpg,unknown,1.0000,1.1424
Al_Pacino,0012.jpg,unknown,0.6667,1.1865
Al_Pacino,0013.jpg,unknown,1.0000,1.0666
Al_Pacino,0014.jpg,unknown,1.0000,1.1011
Al_Pacino,0015.jpg,unknown,1.0000,1.0340
Al_Pacino,0016.jpg,unknown,1.0000,1.1078
Al_Pacino,0017.jpg,unknown,1.0000,1.0982
Al_Pacino,0018.jpg,unknown,1.0000,1.1315
Al_Pacino,0019.jpg,unknown,1.0000,1.0645
Al_Pacino,0020.jpg,unknown,1.0000,1.1479
Al_Pacino,0021.jpg,unknown,0.6667,1.1086
Al_Pacino,0022.jpg,unknown,1.0000,1.1295
Al_Pacino,0023.jpg,unknown,1.0000,1.1212
Al_Pacino,0024.jpg,unknown,1.0000,1.1577
Al_Pacino,0025.jpg,unknown,1.0000,1.1018
Al_Pacino,0026.jpg,unknown,0.6667,1.1680
Al_Pacino,0027.jpg,unknown,1.0000,1.1012
Al_Pacino,0028.jpg,unknown,1.0000,1.0509
Al_Pacino,0029.jpg,unknown,1.0000,1.0418
Al_Pacino,0030.jpg,unknown,1.0000,1.0793
Al_Pacino,0031.jpg,unknown,1.0000,1.1026
Al_Pacino,0032.jpg,unknown,0.6667,1.1835
Al_Pacino,0033.jpg,unknown,1.0000,1.1300
Al_Pacino,0034.jpg,unknown,1.0000,1.0565
Al_Pacino,0035.jpg,unknown,1.0000,1.0809
Al_Pacino,0036.jpg,unknown,1.0000,1.0760
Al_Pacino,0037.jpg,unknown,1.0000,1.0668
Al_Pacino,0038.jpg,unknown,1.0000,1.1007
Al_Pacino,0039.jpg,unknown,1.0000,1.1195
Al_Pacino,0040.jpg,unknown,1.0000,1.0911
Al_Pacino,0041.jpg,unknown,0.6667,1.1864
Al_Pacino,0042.jpg,unknown,0.6667,1.1429
Al_Pacino,0043.jpg,unknown,1.0000,1.1255
Al_Pacino,0044.jpg,unknown,1.0000,1.1113
Al_Pacino,0045.jpg,unknown,1.0000,1.1116
Al_Pacino,0046.jpg,unknown,1.0000,1.0569
Al_Pacino,0047.jpg,unknown,1.0000,1.1171
Al_Pacino,0048.jpg,unknown,1.0000,1.1207
Al_Pacino,0049.jpg,Nancy_Sinatra,1.0000,0.9979
Alan_Ball,0001.jpg,Alan_Ball,1.0000,0.8162
Alan_Ball,0002.jpg,Alan_Ball,1.0000,0.8478
Alan_Ball,0003.jpg,Alan_Ball,1.0000,0.6581
Alan_Ball,0004.jpg,Alan_Ball,1.0000,0.6634
Alan_Ball,0005.jpg,Alan_Ball,1.0000,0.6859
Alan_Ball,0006.jpg,Alan_Ball,1.0000,0.8309
Alan_Ball,0007.jpg,Alan_Ball,1.0000,0.7289
Alan_Ball,0008.jpg,Alan_Ball,1.0000,0.7721
Alan_Ball,0009.jpg,Alan_Ball,1.0000,0.6781
Alan_Ball,0010.jpg,Alan_Ball,1.0000,0.7567
Alan_Ball,0011.jpg,Alan_Ball,1.0000,0.8077
Alan_Ball,0012.jpg,Alan_Ball,1.0000,0.7040
Alan_Ball,0013.jpg,Alan_Ball,1.0000,0.6713
Alan_Ball,0014.jpg,Alan_Ball,1.0000,0.7470
Alan_Ball,0015.jpg,Alan_Ball,1.0000,0.6595
Alan_Ball,0016.jpg,Alan_Ball,1.0000,0.8282
Alan_Ball,0017.jpg,Alan_Ball,1.0000,0.8112
Alan_Ball,0018.jpg,Alan_Ball,1.0000,0.7423
Alan_Ball,0019.jpg,Alan_Ball,1.0000,0.7268
Alan_Ball,0020.jpg,Alan_Ball,1.0000,0.8614
Alan_Ball,0021.jpg,Alan_Ball,1.0000,0.6064
Alan_Ball,0022.jpg,Alan_Ball,1.0000,0.8194
Alan_Ball,0023.jpg,Alan_Ball,1.0000,0.6106
Alan_Ball,0024.jpg,Alan_Ball,1.0000,0.7653
Alan_Ball,0025.jpg,Alan_Ball,1.0000,0.8660
Alan_Ball,0026.jpg,unknown,1.0000,1.2472
Alan_Ball,0027.jpg,unknown,1.0000,1.2880
Alan_Ball,0028.jpg,unknown,1.0000,1.2440
Alan_Ball,0029.jpg,Alan_Ball,1.0000,0.6730
Alan_Ball,0030.jpg,Alan_Ball,1.0000,0.8596
Alan_Ball,0031.jpg,Alan_Ball,1.0000,0.7103
Alan_Ball,0032.jpg,Alan_Ball,1.0000,0.7229
Alan_Ball,0033.jpg,Alan_Ball,1.0000,0.6671
Alan_Ball,0034.jpg,Alan_Ball,1.0000,0.7828
Alan_Ball,0035.jpg,Alan_Ball,1.0000,0.7322
Alan_Ball,0036.jpg,Alan_Ball,1.0000,0.7311
Alan_Ball,0037.jpg,Alan_Ball,1.0000,0.8235
Alan_Ball,0038.jpg,Alan_Ball,1.0000,0.7102
Alan_Ball,0039.jpg,Alan_Ball,1.0000,0.6977
Alan_Ball,0040.jpg,Alan_Ball,1.0000,0.7704
Alan_Ball,0041.jpg,Alan_Ball,1.0000,0.7954
Alan_Ball,0042.jpg,unknown,1.0000,1.2431
Alan_Ball,0043.jpg,unknown,1.0000,1.2337
Alan_Ball,0044.jpg,unknown,1.0000,1.2673
Alan_Ball,0045.jpg,Alan_Ball,1.0000,0.7354
Alan_Ball,0046.jpg,Alan_Ball,1.0000,0.9039
Alan_Ball,0047.jpg,unknown,1.0000,1.2822
Alan_Ball,0048.jpg,unknown,1.0000,1.2333
Alan_Ball,0049.jpg,unknown,1.0000,1.2320
Alan_Ball,0050.jpg,unknown,1.0000,1.2431
Alan_Ball,0051.jpg,Alan_Ball,1.0000,0.7873
Alan_Ball,0052.jpg,Alan_Ball,1.0000,0.6848
Alan_Ball,0053.jpg,Alan_Ball,1.0000,0.7058
Alan_Ball,0054.jpg,Alan_Ball,1.0000,0.8030
Alan_Ball,0055.jpg,Alan_Ball,1.0000,0.8961
Alan_Ball,0056.jpg,Alan_Ball,1.0000,0.7856
Alan_Ball,0057.jpg,Alan_Ball,1.0000,0.6519
Alan_Ball,0058.jpg,Alan_Ball,1.0000,0.6649
Alan_Ball,0059.jpg,Alan_Ball,1.0000,0.7198
Alan_Ball,0060.jpg,Alan_Ball,1.0000,0.6116
Alan_Ball,0061.jpg,Alan_Ball,1.0000,0.7344
Alan_Ball,0062.jpg,Alan_Ball,1.0000,0.7131
Alan_Ball,0063.jpg,Alan_Ball,1.0000,0.6777
Alan_Ball,0064.jpg,Alan_Ball,1.0000,0.7060
Alan_Ball,0065.jpg,Alan_Ball,1.0000,0.6833
Alan_Ball,0066.jpg,Alan_Ball,1.0000,0.6990
Alan_Ball,0067.jpg,Alan_Ball,1.0000,0.8041
Alan_Ball,0068.jpg,Alan_Ball,1.0000,0.6559
Alan_Ball,0069.jpg,Alan_Ball,1.0000,0.9391
Alan_Ball,0070.jpg,Alan_Ball,1.0000,0.6177
Alan_Ball,0071.jpg,Alan_Ball,1.0000,0.6161
Alan_Ball,0072.jpg,Alan_Ball,1.0000,0.6673
Alan_Ball,0073.jpg,Alan_Ball,1.0000,0.7044
Alan_Ball,0074.jpg,Alan_Ball,1.0000,0.7769
Alan_Ball,0075.jpg,Alan_Ball,1.0000,0.6792
Alan_Ball,0076.jpg,Alan_Ball,1.0000,0.7689
Alan_Ball,0077.jpg,Alan_Ball,1.0000,0.7055
Alan_Ball,0078.jpg,Alan_Ball,1.0000,0.6756
Alan_Ball,0079.jpg,Alan_Ball,1.0000,0.8008
Alan_Ball,0080.jpg,Alan_Ball,1.0000,0.8699
Alan_Ball,0081.jpg,Alan_Ball,1.0000,0.7221
Alan_Ball,0082.jpg,Alan_Ball,1.0000,0.7905
Alan_Ball,0083.jpg,Alan_Ball,1.0000,0.8018
Alan_Ball,0084.jpg,Alan_Ball,1.0000,0.7879
Alan_Ball,0085.jpg,Alan_Ball,1.0000,0.5786
Alan_Ball,0086.jpg,Alan_Ball,1.0000,0.7321
Alan_Ball,0087.jpg,Alan_Ball,1.0000,0.7121
Alan_Ball,0088.jpg,Alan_Ball,1.0000,0.7229
Alan_Ball,0089.jpg,Alan_Ball,1.0000,0.7146
Alan_Ball,0090.jpg,Alan_Ball,1.0000,0.7905
Alan_Ball,0091.jpg,Alan_Ball,1.0000,0.6879
Alan_Ball,0092.jpg,Alan_Ball,1.0000,0.9408
Alan_Ball,0093.jpg,Alan_Ball,1.0000,0.7490
Alan_Ball,0094.jpg,Alan_Ball,1.0000,0.7983
Alan_Ball,0095.jpg,Alan_Ball,1.0000,0.6778
Alan_Ball,0096.jpg,Alan_Ball,1.0000,0.6175
Alan_Ball,0097.jpg,Alan_Ball,1.0000,0.7299
Alan_Ball,0098.jpg,Alan_Ball,1.0000,0.7796
Alan_Ball,0099.jpg,Alan_Ball,1.0000,0.8157
Alan_Ball,0100.jpg,Alan_Ball,1.0000,0.8537
Alan_Ball,0101.jpg,unknown,1.0000,1.2857
Alan_Ball,0102.jpg,Alan_Ball,1.0000,0.6953
Alan_Ball,0103.jpg,Alan_Ball,1.0000,0.7883
Alan_Ball,0104.jpg,Alan_Ball,1.0000,0.6812
Alan_Ball,0105.jpg,Alan_Ball,1.0000,0.6991
Alan_Ball,0106.jpg,Alan_Ball,1.0000,0.8446
Alan_Ball,0107.jpg,Alan_Ball,1.0000,0.7418
Alan_Ball,0108.jpg,Alan_Ball,1.0000,0.7465
Alan_Ball,0109.jpg,Alan_Ball,1.0000,0.5819
Alan_Ball,0110.jpg,Alan_Ball,1.0000,0.6386
Alan_Ball,0111.jpg,Alan_Ball,1.0000,0.7790
Alan_Ball,0112.jpg,Alan_Ball,1.0000,0.7294
Alan_Ball,0113.jpg,Alan_Ball,1.0000,0.6697
Alan_Ball,0114.jpg,Alan_Ball,1.0000,0.6962
Alan_Ball,0115.jpg,Alan_Ball,1.0000,0.7458
Alan_Ball,0116.jpg,Alan_Ball,1.0000,0.6557
Alan_Ball,0117.jpg,Alan_Ball,1.0000,0.7434
Alan_Ball,0118.jpg,Alan_Ball,1.0000,0.7413
Alan_Ball,0119.jpg,unknown,1.0000,1.2848
Alan_Ball,0120.jpg,unknown,1.0000,1.2954
Alan_Ball,0121.jpg,unknown,1.0000,1.2836
Alan_Ball,0122.jpg,Alan_Ball,1.0000,0.6366
Alan_Ball,0123.jpg,Alan_Ball,1.0000,0.8435
Alan_Ball,0124.jpg,Alan_Ball,1.0000,0.8074
Alan_Ball,0125.jpg,Alan_Ball,1.0000,0.6389
Alan_Ball,0126.jpg,Alan_Ball,1.0000,0.7870
Alan_Ball,0127.jpg,Alan_Ball,1.0000,0.7500
Alan_Ball,0128.jpg,Alan_Ball,1.0000,0.6816
Alan_Ball,0129.jpg,Alan_Ball,1.0000,0.7236
Alan_Ball,0130.jpg,Alan_Ball,1.0000,0.8476
Alan_Ball,0131.jpg,Alan_Ball,1.0000,0.6962
Alan_Ball,0132.jpg,Alan_Ball,1.0000,0.7407
Alan_Ball,0133.jpg,Alan_Ball,1.0000,0.6836
Alan_Ball,0134.jpg,Alan_Ball,1.0000,0.7264
Alan_Ball,0135.jpg,Alan_Ball,1.0000,0.6965
Alan_Ball,0136.jpg,Alan_Ball,1.0000,0.7853
Alan_Ball,0137.jpg,Alan_Ball,1.0000,0.7868
Alan_Ball,0138.jpg,Alan_Ball,1.0000,0.7961
Alan_Ball,0139.jpg,Alan_Ball,1.0000,0.8391
Alan_Ball,0140.jpg,Alan_Ball,1.0000,0.8888
Alan_Ball,0141.jpg,Alan_Ball,1.0000,0.8493
Alan_Ball,0142.jpg,Alan_Ball,1.0000,0.9574
Alan_Ball,0143.jpg,Alan_Ball,1.0000,0.6697
Alan_Ball,0144.jpg,Alan_Ball,1.0000,0.7334
Alan_Ball,0145.jpg,Alan_Ball,1.0000,0.7885
Alan_Ball,0146.jpg,Alan_Ball,1.0000,0.6426
Alan_Ball,0147.jpg,Alan_Ball,1.0000,0.8151
Alan_Ball,0148.jpg,Alan_Ball,1.0000,0.8264
Alan_Ball,0149.jpg,Alan_Ball,1.0000,0.7633
Alan_Ball,0150.jpg,Alan_Ball,1.0000,0.7802
Alan_Ball,0151.jpg,Alan_Ball,1.0000,0.8130
Alan_Ball,0152.jpg,Alan_Ball,1.0000,0.6054
Alan_Ball,0153.jpg,Alan_Ball,1.0000,0.7764
Alan_Ball,0154.jpg,Alan_Ball,1.0000,0.6749
Alan_Ball,0155.jpg,unknown,1.0000,1.0337
Alan_Ball,0156.jpg,Alan_Ball,1.0000,0.8881
Alan_Ball,0157.jpg,Alan_Ball,1.0000,0.6871
Alan_Ball,0158.jpg,Alan_Ball,1.0000,0.7159
Alan_Ball,0159.jpg,Alan_Ball,1.0000,0.7580
Alan_Ball,0160.jpg,Alan_Ball,1.0000,0.6497
Alan_Ball,0161.jpg,Alan_Ball,1.0000,0.6372
Alan_Ball,0162.jpg,Alan_Ball,1.0000,0.7526
Alan_Ball,0163.jpg,Alan_Ball,1.0000,0.6763
Alan_Ball,0164.jpg,Alan_Ball,1.0000,0.7584
Alan_Ball,0165.jpg,Alan_Ball,1.0000,0.6167
Alan_Ball,0166.jpg,Alan_Ball,1.0000,0.7002
Alan_Ball,0167.jpg,Alan_Ball,1.0000,0.6366
Alan_Ball,0168.jpg,Alan_Ball,1.0000,0.7282
Alan_Ball,0169.jpg,Alan_Ball,1.0000,0.6784
Alan_Ball,0170.jpg,Alan_Ball,1.0000,0.6881
Alan_Ball,0171.jpg,Alan_Ball,1.0000,0.7701
Alan_Ball,0172.jpg,Alan_Ball,1.0000,0.6078
Alan_Ball,0173.jpg,Alan_Ball,1.0000,0.7546
Alan_Ball,0174.jpg,Alan_Ball,1.0000,0.9426
Alan_Ball,0175.jpg,Alan_Ball,1.0000,0.8057
Alan_Ball,0176.jpg,Alan_Ball,1.0000,0.6521
Alan_Ball,0177.jpg,Alan_Ball,1.0000,0.6853
Alan_Ball,0178.jpg,Alan_Ball,1.0000,0.7017
Alan_Ball,0179.jpg,Alan_Ball,1.0000,1.0083
Alan_Ball,0180.jpg,Alan_Ball,1.0000,0.6855
Alan_Ball,0181.jpg,Alan_Ball,1.0000,0.7562
Alan_Ball,0182.jpg,Alan_Ball,1.0000,0.6266
Alan_Ball,0183.jpg,Alan_Ball,1.0000,0.7077
Alan_Ball,0184.jpg,unknown,1.0000,1.2007
Alan_Ball,0185.jpg,Alan_Ball,1.0000,0.7236
Alan_Ball,0186.jpg,Alan_Ball,1.0000,0.6876
Alan_Ball,0187.jpg,Alan_Ball,1.0000,0.7736
Alan_Ball,0188.jpg,Alan_Ball,1.0000,0.7755
Alan_Ball,0189.jpg,Alan_Ball,1.0000,0.6821
Alan_Ball,0190.jpg,Alan_Ball,1.0000,0.7324
Alan_Ball,0191.jpg,Alan_Ball,1.0000,0.7649
Alan_Ball,0192.jpg,Alan_Ball,1.0000,0.7619
Alan_Ball,0193.jpg,Alan_Ball,1.0000,0.7591
Alan_Ball,0194.jpg,Alan_Ball,1.0000,0.7076
Alan_Ball,0195.jpg,Alan_Ball,1.0000,0.6142
Alan_Ball,0196.jpg,Alan_Ball,1.0000,0.9470
Alan_Ball,0197.jpg,Alan_Ball,1.0000,0.6559
Alan_Ball,0198.jpg,Alan_Ball,1.0000,0.7773
Alan_Ball,0199.jpg,Alan_Ball,1.0000,0.7096
Alan_Ball,0200.jpg,Alan_Ball,1.0000,0.7968
Alan_Ball,0201.jpg,unknown,1.0000,1.2715
Alan_Ball,0202.jpg,unknown,1.0000,1.3040
Alan_Ball,0203.jpg,Alan_Ball,1.0000,0.7579
Alan_Ball,0204.jpg,Alan_Ball,1.0000,0.6492
Alan_Ball,0205.jpg,Alan_Ball,1.0000,0.7902
Alan_Ball,0206.jpg,Alan_Ball,1.0000,0.6169
Alan_Ball,0207.jpg,Alan_Ball,1.0000,0.6795
Alan_Ball,0208.jpg,unknown,1.0000,1.2126
Alan_Ball,0209.jpg,Alan_Ball,1.0000,0.6990
Alan_Ball,0210.jpg,Alan_Ball,1.0000,0.7612
Alan_Ball,0211.jpg,unknown,1.0000,1.2336
Alan_Ball,0212.jpg,unknown,1.0000,1.2754
Alan_Ball,0213.jpg,unknown,1.0000,1.2729
Alan_Ball,0214.jpg,unknown,1.0000,1.2385
Alan_Ball,0215.jpg,Alan_Ball,1.0000,0.8002
Alan_Ball,0216.jpg,Alan_Ball,1.0000,0.6360
Alan_Ball,0217.jpg,Alan_Ball,1.0000,0.7536
Alan_Ball,0218.jpg,unknown,1.0000,1.2643
Alan_Ball,0219.jpg,unknown,1.0000,1.2955
Alan_Ball,0220.jpg,unknown,1.0000,1.2541
Alan_Ball,0221.jpg,unknown,1.0000,1.2796
Alan_Ball,0222.jpg,unknown,1.0000,1.2766
Alan_Ball,0223.jpg,Alan_Ball,1.0000,0.7598
Alan_Ball,0224.jpg,Alan_Ball,1.0000,0.7427
Alan_Ball,0225.jpg,Alan_Ball,1.0000,0.7027
Alan_Ball,0226.jpg,Alan_Ball,1.0000,0.9268
Alan_Ball,0227.jpg,Alan_Ball,1.0000,0.7887
Alan_Ball,0228.jpg,Alan_Ball,1.0000,0.7524
Alan_Ball,0229.jpg,Alan_Ball,1.0000,0.8350
Alan_Ball,0230.jpg,Alan_Ball,1.0000,0.7258
Alan_Ball,0231.jpg,Alan_Ball,1.0000,0.6957
Alan_Ball,0232.jpg,Alan_Ball,1.0000,0.7711
Alan_Ball,0233.jpg,Alan_Ball,1.0000,0.6901
Alan_Ball,0234.jpg,Alan_Ball,1.0000,0.7868
Alan_Ball,0235.jpg,Alan_Ball,1.0000,0.7559
Alan_Ball,0236.jpg,Alan_Ball,1.0000,0.8334
Alan_Ball,0237.jpg,Alan_Ball,1.0000,0.7321
Alan_Ball,0238.jpg,Alan_Ball,1.0000,0.6712
Alan_Ball,0239.jpg,unknown,1.0000,1.2628
Alan_Ball,0240.jpg,unknown,1.0000,1.2249
Alan_Ball,0241.jpg,unknown,1.0000,1.2860
Alan_Ball,0242.jpg,unknown,1.0000,1.2293
Alan_Ball,0243.jpg,unknown,1.0000,1.1447
Alan_Ball,0244.jpg,Alan_Ball,1.0000,0.7735
Alan_Ball,0245.jpg,Alan_Ball,1.0000,0.6351
Alan_Ball,0246.jpg,Alan_Ball,1.0000,0.6862
Alan_Ball,0247.jpg,Alan_Ball,1.0000,0.7983
Alan_Ball,0248.jpg,Alan_Ball,1.0000,0.6600
Alan_Ball,0249.jpg,Alan_Ball,1.0000,0.7763
Alan_Ball,0250.jpg,Alan_Ball,1.0000,0.7611
Alan_Ball,0251.jpg,Alan_Ball,1.0000,0.6832
Alan_Ball,0252.jpg,Alan_Ball,1.0000,0.7171
Alan_Ball,0253.jpg,Alan_Ball,1.0000,0.7966
Alan_Ball,0254.jpg,Alan_Ball,1.0000,0.7453
Alan_Ball,0255.jpg,Alan_Ball,1.0000,0.7988
Alan_Ball,0256.jpg,Alan_Ball,1.0000,0.7590
Alan_Ball,0257.jpg,Alan_Ball,1.0000,0.7324
Alan_Ball,0258.jpg,Alan_Ball,1.0000,0.7469
Alan_Ball,0259.jpg,Alan_Ball,1.0000,0.6933
Alan_Ball,0260.jpg,Alan_Ball,1.0000,0.7416
Alan_Ball,0261.jpg,Alan_Ball,1.0000,0.6821
Alan_Ball,0262.jpg,Alan_Ball,1.0000,0.6781
Alan_Ball,0263.jpg,Alan_Ball,1.0000,0.8050
Alan_Ball,0264.jpg,Alan_Ball,1.0000,0.8424
Alan_Ball,0265.jpg,unknown,1.0000,1.2445
Alan_Ball,0266.jpg,Alan_Ball,1.0000,0.7678
Alan_Ball,0267.jpg,Alan_Ball,1.0000,0.8256
Alan_Ball,0268.jpg,Alan_Ball,1.0000,0.7633
Alan_Ball,0269.jpg,Alan_Ball,1.0000,0.8337
Alan_Ball,0270.jpg,Alan_Ball,1.0000,0.6667
Alan_Ball,0271.jpg,Alan_Ball,1.0000,0.7228
Alan_Ball,0272.jpg,Alan_Ball,1.0000,0.7485
Alan_Ball,0273.jpg,Alan_Ball,1.0000,0.8381
Alan_Ball,0274.jpg,Alan_Ball,1.0000,0.8258
Alan_Ball,0275.jpg,Alan_Ball,1.0000,0.7555
Alan_Ball,0276.jpg,Alan_Ball,1.0000,0.7094
Alan_Ball,0277.jpg,Alan_Ball,1.0000,0.6843
Alan_Ball,0278.jpg,Alan_Ball,1.0000,0.6711
Alan_Ball,0279.jpg,Alan_Ball,1.0000,0.6447
Alan_Ball,0280.jpg,Alan_Ball,1.0000,0.6490
Alan_Ball,0281.jpg,Alan_Ball,1.0000,0.6499
Alan_Ball,0282.jpg,Alan_Ball,1.0000,0.6927
Alan_Ball,0283.jpg,Alan_Ball,1.0000,0.6313
Alan_Ball,0284.jpg,Alan_Ball,1.0000,0.8650
Alan_Ball,0285.jpg,Alan_Ball,1.0000,0.6189
Alan_Ball,0286.jpg,Alan_Ball,1.0000,0.7439
Alan_Ball,0287.jpg,Alan_Ball,1.0000,0.9163
Alan_Ball,0288.jpg,Alan_Ball,1.0000,0.8098
Alan_Ball,0289.jpg,Alan_Ball,1.0000,0.7018
Alan_Ball,0290.jpg,Alan_Ball,1.0000,0.7080
Alan_Ball,0291.jpg,Alan_Ball,1.0000,0.7089
Alan_Ball,0292.jpg,Alan_Ball,1.0000,0.7993
Alan_Ball,0293.jpg,Alan_Ball,1.0000,0.6344
Alan_Ball,0294.jpg,Alan_Ball,1.0000,0.8299
Alan_Ball,0295.jpg,Alan_Ball,1.0000,0.7707
Alan_Ball,0296.jpg,Alan_Ball,1.0000,0.7763
Alan_Ball,0297.jpg,Alan_Ball,1.0000,0.7150
Alan_Ball,0298.jpg,Alan_Ball,1.0000,0.6013
Alan_Ball,0299.jpg,Alan_Ball,1.0000,0.7989
Alan_Ball,0300.jpg,Alan_Ball,1.0000,0.6259
Alan_Ball,0301.jpg,Alan_Ball,1.0000,0.6193
Alan_Ball,0302.jpg,Alan_Ball,1.0000,0.7660
Alan_Ball,0303.jpg,Alan_Ball,1.0000,0.8458
Alan_Ball,0304.jpg,Alan_Ball,1.0000,0.7918
Alan_Ball,0305.jpg,Alan_Ball,1.0000,0.7690
Alan_Ball,0306.jpg,Alan_Ball,1.0000,0.7518
Alan_Ball,0307.jpg,Alan_Ball,1.0000,0.6766
Alan_Ball,0308.jpg,Alan_Ball,1.0000,0.6325
Alan_Ball,0309.jpg,Alan_Ball,1.0000,0.6101
Alan_Ball,0310.jpg,Alan_Ball,1.0000,0.7882
Alan_Ball,0311.jpg,Alan_Ball,1.0000,0.8385
Alan_Ball,0312.jpg,Alan_Ball,1.0000,0.7231
Alan_Ball,0313.jpg,Alan_Ball,1.0000,0.6606
Alan_Ball,0314.jpg,Alan_Ball,1.0000,0.7677
Alan_Ball,0315.jpg,Alan_Ball,1.0000,0.6368
Alan_Ball,0316.jpg,Alan_Ball,1.0000,0.7750
Alan_Ball,0317.jpg,Alan_Ball,1.0000,0.7363
Alan_Ball,0318.jpg,Alan_Ball,1.0000,0.6920
Alan_Ball,0319.jpg,Alan_Ball,1.0000,0.8032
Alan_Ball,0320.jpg,Alan_Ball,1.0000,0.5845
Alan_Ball,0321.jpg,Alan_Ball,1.0000,0.7961
Alan_Ball,0322.jpg,Alan_Ball,1.0000,0.8221
Alan_Ball,0323.jpg,Alan_Ball,1.0000,0.7151
Alan_Ball,0324.jpg,Alan_Ball,1.0000,0.7341
Alan_Ball,0325.jpg,Alan_Ball,1.0000,0.7055
Alan_Ball,0326.jpg,Alan_Ball,1.0000,0.7220
Alan_Ball,0327.jpg,Alan_Ball,1.0000,0.7322
Alan_Ball,0328.jpg,Alan_Ball,1.0000,0.5952
Alan_Ball,0329.jpg,Alan_Ball,1.0000,0.7102
Alan_Ball,0330.jpg,Alan_Ball,1.0000,0.7887
Alan_Ball,0331.jpg,Alan_Ball,1.0000,0.6499
Alan_Ball,0332.jpg,Alan_Ball,1.0000,0.7200
Alan_Ball,0333.jpg,Alan_Ball,1.0000,0.8146
Alan_Ball,0334.jpg,Alan_Ball,1.0000,0.7077
Alan_Ball,0335.jpg,Alan_Ball,1.0000,0.7512
Alan_Ball,0336.jpg,Alan_Ball,1.0000,0.7611
Alan_Ball,0337.jpg,Alan_Ball,1.0000,0.5919
Alan_Ball,0338.jpg,Alan_Ball,1.0000,0.9486
Alan_Ball,0339.jpg,Alan_Ball,1.0000,0.6780
Alan_Ball,0340.jpg,Alan_Ball,1.0000,0.7297
Alan_Ball,0341.jpg,Alan_Ball,1.0000,0.6596
Alan_Ball,0342.jpg,Alan_Ball,1.0000,0.5948
Alan_Ball,0343.jpg,Alan_Ball,1.0000,0.6706
Alan_Ball,0344.jpg,Alan_Ball,1.0000,0.6978
Alan_Ball,0345.jpg,Alan_Ball,1.0000,0.8649
Alan_Ball,0346.jpg,Alan_Ball,1.0000,0.6877
Alan_Ball,0347.jpg,Alan_Ball,1.0000,0.6405
Alan_Ball,0348.jpg,Alan_Ball,1.0000,0.6411
Alan_Ball,0349.jpg,Alan_Ball,1.0000,0.6773
Alan_Ball,0350.jpg,Alan_Ball,1.0000,0.7073
Alan_Ball,0351.jpg,Alan_Ball,1.0000,0.7037
Alan_Ball,0352.jpg,Alan_Ball,1.0000,0.8523
Alan_Ball,0353.jpg,Alan_Ball,1.0000,0.8680
Alan_Ball,0354.jpg,Alan_Ball,1.0000,0.8487
Alan_Ball,0355.jpg,unknown,1.0000,1.2666
Alan_Ball,0356.jpg,unknown,1.0000,1.2502
Alan_Ball,0357.jpg,unknown,1.0000,1.3183
Alan_Ball,0358.jpg,unknown,1.0000,1.2911
Alan_Ball,0359.jpg,Alan_Ball,1.0000,0.6666
Alan_Ball,0360.jpg,Alan_Ball,1.0000,0.5809
Alan_Ball,0361.jpg,Alan_Ball,1.0000,0.7403
Alan_Ball,0362.jpg,Alan_Ball,1.0000,0.7932
Alan_Ball,0363.jpg,Alan_Ball,1.0000,0.8821
Alan_Ball,0364.jpg,Alan_Ball,1.0000,0.8878
Alan_Ball,0365.jpg,Alan_Ball,1.0000,0.6384
Alan_Ball,0366.jpg,Alan_Ball,1.0000,0.7912
Alan_Ball,0367.jpg,Alan_Ball,1.0000,0.7095
Alan_Ball,0368.jpg,Alan_Ball,1.0000,0.6545
Alan_Ball,0369.jpg,Alan_Ball,1.0000,0.9209
Alan_Ball,0370.jpg,Alan_Ball,1.0000,0.8322
Alan_Ball,0371.jpg,Alan_Ball,1.0000,0.7370
Alan_Ball,0372.jpg,Alan_Ball,1.0000,0.7350
Alan_Ball,0373.jpg,Alan_Ball,1.0000,0.7334
Alan_Ball,0374.jpg,Alan_Ball,1.0000,0.7585
Alan_Ball,0375.jpg,Alan_Ball,1.0000,0.6834
Alan_Ball,0376.jpg,Alan_Ball,1.0000,0.7822
Alan_Ball,0377.jpg,Alan_Ball,1.0000,0.7590
Alan_Ball,0378.jpg,Alan_Ball,1.0000,0.6123
Alan_Ball,0379.jpg,Alan_Ball,1.0000,0.8667
Alan_Ball,0380.jpg,Alan_Ball,1.0000,0.6124
Alan_Ball,0381.jpg,Alan_Ball,1.0000,0.7514
Alan_Ball,0382.jpg,Alan_Ball,1.0000,0.6238
Alan_Ball,0383.jpg,Alan_Ball,1.0000,0.9292
Alan_Ball,0384.jpg,Alan_Ball,1.0000,0.7823
Alan_Ball,0385.jpg,Alan_Ball,1.0000,0.7475
Alan_Ball,0386.jpg,Alan_Ball,1.0000,0.7230
Alan_Ball,0387.jpg,Alan_Ball,1.0000,0.6268
Alan_Ball,0388.jpg,Alan_Ball,1.0000,0.6897
Alan_Ball,0389.jpg,unknown,1.0000,1.3088
Alan_Ball,0390.jpg,unknown,1.0000,1.2554
Alan_Ball,0391.jpg,unknown,1.0000,1.2827
Alan_Ball,0392.jpg,unknown,1.0000,1.3276
Alan_Ball,0393.jpg,Alan_Ball,1.0000,0.7673
Alan_Ball,0394.jpg,Alan_Ball,1.0000,0.7818
Alan_Ball,0395.jpg,Alan_Ball,1.0000,0.7522
Alan_Ball,0396.jpg,Alan_Ball,1.0000,0.7797
Alan_Ball,0397.jpg,Alan_Ball,1.0000,0.7031
Alan_Ball,0398.jpg,Alan_Ball,1.0000,0.6303
Alan_Ball,0399.jpg,Alan_Ball,1.0000,0.8060
Alan_Ball,0400.jpg,Alan_Ball,1.0000,0.8072
Alan_Ball,0401.jpg,Alan_Ball,1.0000,0.7452
Alan_Ball,0402.jpg,Alan_Ball,1.0000,0.7176
Alan_Ball,0403.jpg,unknown,1.0000,1.3032
Alan_Ball,0404.jpg,unknown,1.0000,1.2817
Alan_Ball,0405.jpg,unknown,1.0000,1.2658
Alan_Ball,0406.jpg,unknown,1.0000,1.2690
Alan_Ball,0407.jpg,unknown,1.0000,1.1758
Alan_Ball,0408.jpg,Alan_Ball,1.0000,0.7021
Alan_Ball,0409.jpg,Alan_Ball,1.0000,0.6724
Alan_Ball,0410.jpg,Alan_Ball,1.0000,0.9675
Alan_Ball,0411.jpg,Alan_Ball,1.0000,0.8780
Alan_Ball,0412.jpg,Alan_Ball,1.0000,0.6750
Alan_Ball,0413.jpg,Alan_Ball,1.0000,0.7585
Alan_Ball,0414.jpg,Alan_Ball,1.0000,0.9366
Alan_Ball,0415.jpg,Alan_Ball,1.0000,0.7974
Alan_Ball,0416.jpg,Alan_Ball,1.0000,0.5869
Alan_Ball,0417.jpg,Alan_Ball,1.0000,0.7336
Alan_Ball,0418.jpg,Alan_Ball,1.0000,0.6126
Alan_Ball,0419.jpg,Alan_Ball,1.0000,0.6425
Alan_Ball,0420.jpg,Alan_Ball,1.0000,0.7151
Alan_Ball,0421.jpg,Alan_Ball,1.0000,0.8016
Alan_Ball,0422.jpg,Alan_Ball,1.0000,0.7042
Alan_Ball,0423.jpg,Alan_Ball,1.0000,0.6351
Alan_Ball,0424.jpg,Alan_Ball,1.0000,0.8510
Alan_Ball,0425.jpg,Alan_Ball,1.0000,0.6986
Alan_Ball,0426.jpg,Alan_Ball,1.0000,0.7089
Alan_Ball,0427.jpg,Alan_Ball,1.0000,0.7433
Alan_Ball,0428.jpg,Alan_Ball,1.0000,0.7650
Alan_Ball,0429.jpg,Alan_Ball,1.0000,0.8185
Alan_Ball,0430.jpg,Alan_Ball,1.0000,0.6510
Alan_Ball,0431.jpg,Alan_Ball,1.0000,0.6995
Alan_Ball,0432.jpg,Alan_Ball,1.0000,0.8414
Manuel_Pellegrini,0001.jpg,Manuel_Pellegrini,1.0000,0.6836
Manuel_Pellegrini,0002.jpg,Manuel_Pellegrini,1.0000,0.6654
Manuel_Pellegrini,0003.jpg,Manuel_Pellegrini,1.0000,0.6252
Manuel_Pellegrini,0004.jpg,Manuel_Pellegrini,1.0000,0.7293
Manuel_Pellegrini,0005.jpg,Manuel_Pellegrini,1.0000,0.6256
Manuel_Pellegrini,0006.jpg,Manuel_Pellegrini,1.0000,0.6576
Manuel_Pellegrini,0007.jpg,Manuel_Pellegrini,1.0000,0.6418
Manuel_Pellegrini,0008.jpg,Manuel_Pellegrini,1.0000,0.7104
Manuel_Pellegrini,0009.jpg,Manuel_Pellegrini,1.0000,0.6913
Manuel_Pellegrini,0010.jpg,Manuel_Pellegrini,1.0000,0.7460
Manuel_Pellegrini,0011.jpg,Manuel_Pellegrini,1.0000,0.6200
Manuel_Pellegrini,0012.jpg,Manuel_Pellegrini,1.0000,0.6015
Manuel_Pellegrini,0013.jpg,Manuel_Pellegrini,1.0000,0.6641
Manuel_Pellegrini,0014.jpg,Manuel_Pellegrini,1.0000,0.6902
Manuel_Pellegrini,0015.jpg,Manuel_Pellegrini,1.0000,0.6691
Manuel_Pellegrini,0016.jpg,Manuel_Pellegrini,1.0000,0.7443
Manuel_Pellegrini,0017.jpg,Manuel_Pellegrini,1.0000,0.6615
Manuel_Pellegrini,0018.jpg,Manuel_Pellegrini,1.0000,0.6803
Manuel_Pellegrini,0019.jpg,Manuel_Pellegrini,1.0000,0.7233
Manuel_Pellegrini,0020.jpg,Manuel_Pellegrini,1.0000,0.6823
Manuel_Pellegrini,0021.jpg,Manuel_Pellegrini,1.0000,0.7153
Manuel_Pellegrini,0022.jpg,Manuel_Pellegrini,1.0000,0.6773
Manuel_Pellegrini,0023.jpg,Manuel_Pellegrini,1.0000,0.6171
Manuel_Pellegrini,0024.jpg,Manuel_Pellegrini,1.0000,0.6352
Manuel_Pellegrini,0025.jpg,Manuel_Pellegrini,1.0000,0.6282
Manuel_Pellegrini,0026.jpg,Manuel_Pellegrini,1.0000,0.6952
Manuel_Pellegrini,0027.jpg,Manuel_Pellegrini,1.0000,0.7357
Manuel_Pellegrini,0028.jpg,Manuel_Pellegrini,1.0000,0.5691
Manuel_Pellegrini,0029.jpg,Manuel_Pellegrini,1.0000,0.7773
Manuel_Pellegrini,0030.jpg,Manuel_Pellegrini,1.0000,0.6071
Manuel_Pellegrini,0031.jpg,Manuel_Pellegrini,1.0000,0.6337
Manuel_Pellegrini,0032.jpg,Manuel_Pellegrini,1.0000,0.7033
Manuel_Pellegrini,0033.jpg,Manuel_Pellegrini,1.0000,0.7202
Manuel_Pellegrini,0034.jpg,Manuel_Pellegrini,1.0000,0.6607
Manuel_Pellegrini,0035.jpg,Manuel_Pellegrini,1.0000,0.6729
Manuel_Pellegrini,0036.jpg,Manuel_Pellegrini,1.0000,0.6619
Manuel_Pellegrini,0037.jpg,Manuel_Pellegrini,1.0000,0.7297
Manuel_Pellegrini,0038.jpg,Manuel_Pellegrini,1.0000,0.6651
Manuel_Pellegrini,0039.jpg,Manuel_Pellegrini,1.0000,0.7061
Manuel_Pellegrini,0040.jpg,Manuel_Pellegrini,1.0000,0.6530
Manuel_Pellegrini,0041.jpg,Manuel_Pellegrini,1.0000,0.7150
Manuel_Pellegrini,0042.jpg,Manuel_Pellegrini,1.0000,0.6840
Manuel_Pellegrini,0043.jpg,Manuel_Pellegrini,1.0000,0.6885
Manuel_Pellegrini,0044.jpg,Manuel_Pellegrini,1.0000,0.7552
Manuel_Pellegrini,0045.jpg,Manuel_Pellegrini,1.0000,0.6379
Manuel_Pellegrini,0046.jpg,Manuel_Pellegrini,1.0000,0.7528
Manuel_Pellegrini,0047.jpg,Manuel_Pellegrini,1.0000,0.6026
Manuel_Pellegrini,0048.jpg,Manuel_Pellegrini,1.0000,0.6811
Manuel_Pellegrini,0049.jpg,Manuel_Pellegrini,1.0000,0.6363
Manuel_Pellegrini,0050.jpg,Manuel_Pellegrini,1.0000,0.6795
Manuel_Pellegrini,0051.jpg,Manuel_Pellegrini,1.0000,0.6939
Manuel_Pellegrini,0052.jpg,Manuel_Pellegrini,1.0000,0.6540
Manuel_Pellegrini,0053.jpg,Manuel_Pellegrini,1.0000,0.6290
Manuel_Pellegrini,0054.jpg,Manuel_Pellegrini,1.0000,0.7005
Manuel_Pellegrini,0055.jpg,Manuel_Pellegrini,1.0000,0.7161
Manuel_Pellegrini,0056.jpg,Manuel_Pellegrini,1.0000,0.8320
Manuel_Pellegrini,0057.jpg,Manuel_Pellegrini,1.0000,0.6796
Manuel_Pellegrini,0058.jpg,Manuel_Pellegrini,1.0000,0.6899
Manuel_Pellegrini,0059.jpg,Manuel_Pellegrini,1.0000,0.6160
Manuel_Pellegrini,0060.jpg,Manuel_Pellegrini,1.0000,0.7276
Manuel_Pellegrini,0061.jpg,Manuel_Pellegrini,1.0000,0.7341
Manuel_Pellegrini,0062.jpg,Manuel_Pellegrini,1.0000,0.7019
Manuel_Pellegrini,0063.jpg,Manuel_Pellegrini,1.0000,0.7441
Manuel_Pellegrini,0064.jpg,Manuel_Pellegrini,1.0000,0.5901
Manuel_Pellegrini,0065.jpg,Manuel_Pellegrini,1.0000,0.5985
Manuel_Pellegrini,0066.jpg,Manuel_Pellegrini,1.0000,0.7192
Manuel_Pellegrini,0067.jpg,Manuel_Pellegrini,1.0000,0.7666
Manuel_Pellegrini,0068.jpg,Manuel_Pellegrini,1.0000,0.6142
Manuel_Pellegrini,0069.jpg,Manuel_Pellegrini,1.0000,0.5915
Manuel_Pellegrini,0070.jpg,Manuel_Pellegrini,1.0000,0.6231
Manuel_Pellegrini,0071.jpg,Manuel_Pellegrini,1.0000,0.6020
Manuel_Pellegrini,0072.jpg,Manuel_Pellegrini,1.0000,0.6682
Manuel_Pellegrini,0073.jpg,Manuel_Pellegrini,1.0000,0.6783
Manuel_Pellegrini,0074.jpg,Manuel_Pellegrini,1.0000,0.7679
Manuel_Pellegrini,0075.jpg,Manuel_Pellegrini,1.0000,0.6964
Manuel_Pellegrini,0076.jpg,Manuel_Pellegrini,1.0000,0.7294
Manuel_Pellegrini,0077.jpg,Manuel_Pellegrini,1.0000,0.6938
Manuel_Pellegrini,0078.jpg,Manuel_Pellegrini,1.0000,0.7199
Manuel_Pellegrini,0079.jpg,Manuel_Pellegrini,1.0000,0.6718
Manuel_Pellegrini,0080.jpg,Manuel_Pellegrini,1.0000,0.6999
Manuel_Pellegrini,0081.jpg,Manuel_Pellegrini,1.0000,0.6010
Manuel_Pellegrini,0082.jpg,Manuel_Pellegrini,1.0000,0.7215
Manuel_Pellegrini,0083.jpg,Manuel_Pellegrini,1.0000,0.6605
Manuel_Pellegrini,0084.jpg,Manuel_Pellegrini,1.0000,0.6532
Manuel_Pellegrini,0085.jpg,Manuel_Pellegrini,1.0000,0.5973
Manuel_Pellegrini,0086.jpg,Manuel_Pellegrini,1.0000,0.6788
Manuel_Pellegrini,0087.jpg,Manuel_Pellegrini,1.0000,0.7282
Manuel_Pellegrini,0088.jpg,Manuel_Pellegrini,1.0000,0.6520
Manuel_Pellegrini,0089.jpg,Manuel_Pellegrini,1.0000,0.6307
Manuel_Pellegrini,0090.jpg,Manuel_Pellegrini,1.0000,0.6815
Manuel_Pellegrini,0091.jpg,Manuel_Pellegrini,1.0000,0.7928
Manuel_Pellegrini,0092.jpg,Manuel_Pellegrini,1.0000,0.5885
Manuel_Pellegrini,0093.jpg,Manuel_Pellegrini,1.0000,0.5820
Manuel_Pellegrini,0094.jpg,Manuel_Pellegrini,1.0000,0.7421
Manuel_Pellegrini,0095.jpg,Manuel_Pellegrini,1.0000,0.6872
Manuel_Pellegrini,0096.jpg,Manuel_Pellegrini,1.0000,0.6705
Manuel_Pellegrini,0097.jpg,Manuel_Pellegrini,1.0000,0.6677
Manuel_Pellegrini,0098.jpg,Manuel_Pellegrini,1.0000,0.6392
Manuel_Pellegrini,0099.jpg,Manuel_Pellegrini,1.0000,0.6030
Manuel_Pellegrini,0100.jpg,Manuel_Pellegrini,1.0000,0.6454
Manuel_Pellegrini,0101.jpg,Manuel_Pellegrini,1.0000,0.5959
Manuel_Pellegrini,0102.jpg,Manuel_Pellegrini,1.0000,0.7400
Manuel_Pellegrini,0103.jpg,Manuel_Pellegrini,1.0000,0.8437
Manuel_Pellegrini,0104.jpg,Manuel_Pellegrini,1.0000,0.8420
Manuel_Pellegrini,0105.jpg,Manuel_Pellegrini,1.0000,0.6670
Manuel_Pellegrini,0106.jpg,Manuel_Pellegrini,1.0000,0.6895
Manuel_Pellegrini,0107.jpg,Manuel_Pellegrini,1.0000,0.6171
Manuel_Pellegrini,0108.jpg,Manuel_Pellegrini,1.0000,0.6436
Manuel_Pellegrini,0109.jpg,Manuel_Pellegrini,1.0000,0.6796
Manuel_Pellegrini,0110.jpg,Manuel_Pellegrini,1.0000,0.7955
Manuel_Pellegrini,0111.jpg,Manuel_Pellegrini,1.0000,0.6699
Manuel_Pellegrini,0112.jpg,Manuel_Pellegrini,1.0000,0.5421
Manuel_Pellegrini,0113.jpg,Manuel_Pellegrini,1.0000,0.6395
Manuel_Pellegrini,0114.jpg,Manuel_Pellegrini,1.0000,0.5924
Manuel_Pellegrini,0115.jpg,Manuel_Pellegrini,1.0000,0.7833
Manuel_Pellegrini,0116.jpg,Manuel_Pellegrini,1.0000,0.5584
Manuel_Pellegrini,0117.jpg,Manuel_Pellegrini,1.0000,0.7144
Manuel_Pellegrini,0118.jpg,Manuel_Pellegrini,1.0000,0.7655
Manuel_Pellegrini,0119.jpg,Manuel_Pellegrini,1.0000,0.6060
Manuel_Pellegrini,0120.jpg,Manuel_Pellegrini,1.0000,0.6593
Manuel_Pellegrini,0121.jpg,Manuel_Pellegrini,1.0000,0.6328
Manuel_Pellegrini,0122.jpg,Manuel_Pellegrini,1.0000,0.7078
Manuel_Pellegrini,0123.jpg,Manuel_Pellegrini,1.0000,0.7201
Manuel_Pellegrini,0124.jpg,Manuel_Pellegrini,1.0000,0.5684
Manuel_Pellegrini,0125.jpg,Manuel_Pellegrini,1.0000,0.6853
Manuel_Pellegrini,0126.jpg,Manuel_Pellegrini,1.0000,0.5949
Manuel_Pellegrini,0127.jpg,Manuel_Pellegrini,1.0000,0.6074
Manuel_Pellegrini,0128.jpg,Manuel_Pellegrini,1.0000,0.6192
Manuel_Pellegrini,0129.jpg,Manuel_Pellegrini,1.0000,0.6716
Manuel_Pellegrini,0130.jpg,Manuel_Pellegrini,1.0000,0.6628
Manuel_Pellegrini,0131.jpg,Manuel_Pellegrini,1.0000,0.6925
Manuel_Pellegrini,0132.jpg,Manuel_Pellegrini,1.0000,0.7381
Manuel_Pellegrini,0133.jpg,Manuel_Pellegrini,1.0000,0.6392
Manuel_Pellegrini,0134.jpg,Manuel_Pellegrini,1.0000,0.6737
Manuel_Pellegrini,0135.jpg,Manuel_Pellegrini,1.0000,0.6762
Manuel_Pellegrini,0136.jpg,Manuel_Pellegrini,1.0000,0.7977
Manuel_Pellegrini,0137.jpg,Manuel_Pellegrini,1.0000,0.6753
Manuel_Pellegrini,0138.jpg,Manuel_Pellegrini,1.0000,0.7100
Manuel_Pellegrini,0139.jpg,Manuel_Pellegrini,1.0000,0.6248
Manuel_Pellegrini,0140.jpg,Manuel_Pellegrini,1.0000,0.6944
Manuel_Pellegrini,0141.jpg,Manuel_Pellegrini,1.0000,0.6272
Manuel_Pellegrini,0142.jpg,Manuel_Pellegrini,1.0000,0.6521
Manuel_Pellegrini,0143.jpg,Manuel_Pellegrini,1.0000,0.7035
Manuel_Pellegrini,0144.jpg,Manuel_Pellegrini,1.0000,0.6297
Manuel_Pellegrini,0145.jpg,Manuel_Pellegrini,1.0000,0.6426
Manuel_Pellegrini,0146.jpg,Manuel_Pellegrini,1.0000,0.6659
Manuel_Pellegrini,0147.jpg,Manuel_Pellegrini,1.0000,0.6768
Manuel_Pellegrini,0148.jpg,Manuel_Pellegrini,1.0000,0.6166
Manuel_Pellegrini,0149.jpg,Manuel_Pellegrini,1.0000,0.6407
Manuel_Pellegrini,0150.jpg,Manuel_Pellegrini,1.0000,0.7310
Manuel_Pellegrini,0151.jpg,Manuel_Pellegrini,1.0000,0.7423
Manuel_Pellegrini,0152.jpg,Manuel_Pellegrini,1.0000,0.6847
Manuel_Pellegrini,0153.jpg,Manuel_Pellegrini,1.0000,0.6379
Manuel_Pellegrini,0154.jpg,Manuel_Pellegrini,1.0000,0.6768
Manuel_Pellegrini,0155.jpg,Manuel_Pellegrini,1.0000,0.6460
Manuel_Pellegrini,0156.jpg,Manuel_Pellegrini,1.0000,0.6412
Manuel_Pellegrini,0157.jpg,Manuel_Pellegrini,1.0000,0.7677
Manuel_Pellegrini,0158.jpg,Manuel_Pellegrini,1.0000,0.6852
Manuel_Pellegrini,0159.jpg,Manuel_Pellegrini,1.0000,0.5928
Manuel_Pellegrini,0160.jpg,Manuel_Pellegrini,1.0000,0.7290
Manuel_Pellegrini,0161.jpg,Manuel_Pellegrini,1.0000,0.7498
Manuel_Pellegrini,0162.jpg,Manuel_Pellegrini,1.0000,0.5966
Manuel_Pellegrini,0163.jpg,Manuel_Pellegrini,1.0000,0.6772
Manuel_Pellegrini,0164.jpg,Manuel_Pellegrini,1.0000,0.6838
Manuel_Pellegrini,0165.jpg,Manuel_Pellegrini,1.0000,0.7185
Manuel_Pellegrini,0166.jpg,Manuel_Pellegrini,1.0000,0.6485
Manuel_Pellegrini,0167.jpg,Manuel_Pellegrini,1.0000,0.6538
Manuel_Pellegrini,0168.jpg,Manuel_Pellegrini,1.0000,0.5663
Manuel_Pellegrini,0169.jpg,Manuel_Pellegrini,1.0000,0.6722
Manuel_Pellegrini,0170.jpg,Manuel_Pellegrini,1.0000,0.6075
Manuel_Pellegrini,0171.jpg,Manuel_Pellegrini,1.0000,0.6034
Manuel_Pellegrini,0172.jpg,Manuel_Pellegrini,1.0000,0.7392
Manuel_Pellegrini,0173.jpg,Manuel_Pellegrini,1.0000,0.7286
Manuel_Pellegrini,0174.jpg,Manuel_Pellegrini,1.0000,0.6909
Manuel_Pellegrini,0175.jpg,Manuel_Pellegrini,1.0000,0.6194
Manuel_Pellegrini,0176.jpg,Manuel_Pellegrini,1.0000,0.6783
Manuel_Pellegrini,0177.jpg,Manuel_Pellegrini,1.0000,0.7146
Manuel_Pellegrini,0178.jpg,Manuel_Pellegrini,1.0000,0.6999
Manuel_Pellegrini,0179.jpg,Manuel_Pellegrini,1.0000,0.6331
Manuel_Pellegrini,0180.jpg,Manuel_Pellegrini,1.0000,0.6430
Manuel_Pellegrini,0181.jpg,Manuel_Pellegrini,1.0000,0.8117
Manuel_Pellegrini,0182.jpg,Manuel_Pellegrini,1.0000,0.6898
Manuel_Pellegrini,0183.jpg,Manuel_Pellegrini,1.0000,0.6259
Manuel_Pellegrini,0184.jpg,Manuel_Pellegrini,1.0000,0.6864
Manuel_Pellegrini,0185.jpg,Manuel_Pellegrini,1.0000,0.6752
Manuel_Pellegrini,0186.jpg,Manuel_Pellegrini,1.0000,0.6299
Manuel_Pellegrini,0187.jpg,Manuel_Pellegrini,1.0000,0.6860
Manuel_Pellegrini,0188.jpg,Manuel_Pellegrini,1.0000,0.7327
Manuel_Pellegrini,0189.jpg,Manuel_Pellegrini,1.0000,0.7723
Manuel_Pellegrini,0190.jpg,Manuel_Pellegrini,1.0000,0.6723
Manuel_Pellegrini,0191.jpg,Manuel_Pellegrini,1.0000,0.7136
Manuel_Pellegrini,0192.jpg,Manuel_Pellegrini,1.0000,0.6131
Manuel_Pellegrini,0193.jpg,Manuel_Pellegrini,1.0000,0.7763
Manuel_Pellegrini,0194.jpg,Manuel_Pellegrini,1.0000,0.7111
Manuel_Pellegrini,0195.jpg,Manuel_Pellegrini,1.0000,0.6776
Manuel_Pellegrini,0196.jpg,Manuel_Pellegrini,1.0000,0.6571
Manuel_Pellegrini,0197.jpg,Manuel_Pellegrini,1.0000,0.6331
Manuel_Pellegrini,0198.jpg,Manuel_Pellegrini,1.0000,0.7043
Manuel_Pellegrini,0199.jpg,Manuel_Pellegrini,1.0000,0.6469
Manuel_Pellegrini,0200.jpg,Manuel_Pellegrini,1.0000,0.8062
Manuel_Pellegrini,0201.jpg,Manuel_Pellegrini,1.0000,0.6434
Manuel_Pellegrini,0202.jpg,Manuel_Pellegrini,1.0000,0.6262
Manuel_Pellegrini,0203.jpg,Manuel_Pellegrini,1.0000,0.6064
Manuel_Pellegrini,0204.jpg,Manuel_Pellegrini,1.0000,0.6557
Manuel_Pellegrini,0205.jpg,Manuel_Pellegrini,1.0000,0.7361
Manuel_Pellegrini,0206.jpg,Manuel_Pellegrini,1.0000,0.6988
Manuel_Pellegrini,0207.jpg,Manuel_Pellegrini,1.0000,0.6556
Manuel_Pellegrini,0208.jpg,Manuel_Pellegrini,1.0000,0.6954
Manuel_Pellegrini,0209.jpg,Manuel_Pellegrini,1.0000,0.7630
Manuel_Pellegrini,0210.jpg,Manuel_Pellegrini,1.0000,0.7248
Manuel_Pellegrini,0211.jpg,Manuel_Pellegrini,1.0000,0.6837
Manuel_Pellegrini,0212.jpg,Manuel_Pellegrini,1.0000,0.7382
Manuel_Pellegrini,0213.jpg,Manuel_Pellegrini,1.0000,0.6555
Manuel_Pellegrini,0214.jpg,Manuel_Pellegrini,1.0000,0.7114
Manuel_Pellegrini,0215.jpg,Manuel_Pellegrini,1.0000,0.6172
Manuel_Pellegrini,0216.jpg,Manuel_Pellegrini,1.0000,0.7284
Manuel_Pellegrini,0217.jpg,Manuel_Pellegrini,1.0000,0.6518
Manuel_Pellegrini,0218.jpg,Manuel_Pellegrini,1.0000,0.6268
Manuel_Pellegrini,0219.jpg,Manuel_Pellegrini,1.0000,0.6352
Manuel_Pellegrini,0220.jpg,Manuel_Pellegrini,1.0000,0.7482
Manuel_Pellegrini,0221.jpg,Manuel_Pellegrini,1.0000,0.6102
Manuel_Pellegrini,0222.jpg,Manuel_Pellegrini,1.0000,0.6560
Manuel_Pellegrini,0223.jpg,Manuel_Pellegrini,1.0000,0.5770
Manuel_Pellegrini,0224.jpg,Manuel_Pellegrini,1.0000,0.6730
Manuel_Pellegrini,0225.jpg,Manuel_Pellegrini,1.0000,0.6475
Manuel_Pellegrini,0226.jpg,Manuel_Pellegrini,1.0000,0.7439
Manuel_Pellegrini,0227.jpg,Manuel_Pellegrini,1.0000,0.6625
Manuel_Pellegrini,0228.jpg,Manuel_Pellegrini,1.0000,0.7510
Manuel_Pellegrini,0229.jpg,Manuel_Pellegrini,1.0000,0.6984
Maria_Shriver,0001.jpg,unknown,1.0000,1.1180
Maria_Shriver,0002.jpg,unknown,1.0000,1.2449
Maria_Shriver,0003.jpg,unknown,1.0000,1.2409
Maria_Shriver,0004.jpg,unknown,1.0000,1.2303
Maria_Shriver,0005.jpg,unknown,1.0000,1.1429
Maria_Shriver,0006.jpg,unknown,1.0000,1.2024
Maria_Shriver,0007.jpg,unknown,1.0000,1.1480
Maria_Shriver,0008.jpg,unknown,1.0000,1.1279
Maria_Shriver,0009.jpg,unknown,1.0000,1.1219
Maria_Shriver,0010.jpg,unknown,1.0000,1.1668
Maria_Shriver,0011.jpg,unknown,1.0000,1.1879
Maria_Shriver,0012.jpg,unknown,1.0000,1.2118
Maria_Shriver,0013.jpg,unknown,1.0000,1.1598
Maria_Shriver,0014.jpg,unknown,1.0000,1.1633
Maria_Shriver,0015.jpg,unknown,1.0000,1.1520
Maria_Shriver,0016.jpg,unknown,1.0000,1.1465
Maria_Shriver,0017.jpg,unknown,1.0000,1.1953
Maria_Shriver,0018.jpg,unknown,1.0000,1.1948
Maria_Shriver,0019.jpg,unknown,1.0000,1.1589
Maria_Shriver,0020.jpg,unknown,1.0000,1.0946
Maria_Shriver,0021.jpg,unknown,1.0000,1.1523
Maria_Shriver,0022.jpg,unknown,1.0000,1.1605
Maria_Shriver,0023.jpg,unknown,1.0000,1.1422
Maria_Shriver,0024.jpg,unknown,1.0000,1.2261
Maria_Shriver,0025.jpg,unknown,1.0000,1.1742
Maria_Shriver,0026.jpg,unknown,1.0000,1.1473
Maria_Shriver,0027.jpg,unknown,1.0000,1.1353
Maria_Shriver,0028.jpg,unknown,1.0000,1.2102
Maria_Shriver,0029.jpg,unknown,1.0000,1.1459
Maria_Shriver,0030.jpg,unknown,1.0000,1.1829
Maria_Shriver,0031.jpg,unknown,1.0000,1.2018
Maria_Shriver,0032.jpg,unknown,1.0000,1.2191
Maria_Shriver,0033.jpg,unknown,1.0000,1.2140
Maria_Shriver,0034.jpg,unknown,1.0000,1.1294
Maria_Shriver,0035.jpg,unknown,1.0000,1.2394
Maria_Shriver,0036.jpg,unknown,1.0000,1.0815
Maria_Shriver,0037.jpg,unknown,1.0000,1.2165
Maria_Shriver,0038.jpg,unknown,1.0000,1.1248
Maria_Shriver,0039.jpg,unknown,1.0000,1.1297
Maria_Shriver,0040.jpg,unknown,1.0000,1.2728
Maria_Shriver,0041.jpg,unknown,1.0000,1.1971
Maria_Shriver,0042.jpg,unknown,1.0000,1.1780
Maria_Shriver,0043.jpg,unknown,1.0000,1.1313
Maria_Shriver,0044.jpg,unknown,1.0000,1.1381
Maria_Shriver,0045.jpg,unknown,1.0000,1.1731
Maria_Shriver,0046.jpg,unknown,1.0000,1.1941
Maria_Shriver,0047.jpg,unknown,1.0000,1.2168
Maria_Shriver,0048.jpg,unknown,1.0000,1.1528
Maria_Shriver,0049.jpg,unknown,1.0000,1.2104
Maria_Shriver,0050.jpg,unknown,1.0000,1.2196
Maria_Shriver,0051.jpg,unknown,0.6667,1.1889
Maria_Shriver,0052.jpg,unknown,1.0000,1.0751
Maria_Shriver,0053.jpg,unknown,1.0000,1.2207
Maria_Shriver,0054.jpg,unknown,1.0000,1.2034
Maria_Shriver,0055.jpg,unknown,1.0000,1.2371
Maria_Shriver,0056.jpg,unknown,1.0000,1.1543
Maria_Shriver,0057.jpg,unknown,1.0000,1.2163
Maria_Shriver,0058.jpg,unknown,1.0000,1.2072
Maria_Shriver,0059.jpg,unknown,1.0000,1.0851
Maria_Shriver,0060.jpg,unknown,0.6667,1.2355
Maria_Shriver,0061.jpg,unknown,1.0000,1.1099
Maria_Shriver,0062.jpg,unknown,1.0000,1.1977
Maria_Shriver,0063.jpg,unknown,1.0000,1.2027
Maria_Shriver,0064.jpg,unknown,0.6667,1.2083
Maria_Shriver,0065.jpg,unknown,1.0000,1.1821
Maria_Shriver,0066.jpg,unknown,1.0000,1.2463
Maria_Shriver,0067.jpg,unknown,1.0000,1.1602
Maria_Shriver,0068.jpg,unknown,0.6667,1.2347
Maria_Shriver,0069.jpg,unknown,1.0000,1.1171
Maria_Shriver,0070.jpg,unknown,1.0000,1.1934
Maria_Shriver,0071.jpg,unknown,1.0000,1.1342
Maria_Shriver,0072.jpg,unknown,1.0000,1.2376
Maria_Shriver,0073.jpg,unknown,1.0000,1.1686
Maria_Shriver,0074.jpg,unknown,1.0000,1.2247
Maria_Shriver,0075.jpg,unknown,1.0000,1.1161
Maria_Shriver,0076.jpg,unknown,1.0000,1.1913
Maria_Shriver,0077.jpg,unknown,1.0000,1.2346
Maria_Shriver,0078.jpg,unknown,1.0000,1.2053
Maria_Shriver,0079.jpg,unknown,1.0000,1.2117
Maria_Shriver,0080.jpg,unknown,1.0000,1.2041
Maria_Shriver,0081.jpg,unknown,1.0000,1.2523
Maria_Shriver,0082.jpg,unknown,1.0000,1.1502
Maria_Shriver,0083.jpg,unknown,1.0000,1.0952
Maria_Shriver,0084.jpg,unknown,1.0000,1.2385
Maria_Shriver,0085.jpg,unknown,1.0000,1.1227
Maria_Shriver,0086.jpg,unknown,1.0000,1.1595
Maria_Shriver,0087.jpg,unknown,1.0000,1.1748
Maria_Shriver,0088.jpg,unknown,1.0000,1.2150
Maria_Shriver,0089.jpg,unknown,1.0000,1.1682
Maria_Shriver,0090.jpg,unknown,1.0000,1.1984
Maria_Shriver,0091.jpg,unknown,1.0000,1.2150
Maria_Shriver,0092.jpg,unknown,1.0000,1.3032
Maria_Shriver,0093.jpg,unknown,1.0000,1.1786
Maria_Shriver,0094.jpg,unknown,1.0000,1.2033
Maria_Shriver,0095.jpg,unknown,1.0000,1.1245
Maria_Shriver,0096.jpg,unknown,1.0000,1.2471
Maria_Shriver,0097.jpg,unknown,1.0000,1.1642
Maria_Shriver,0098.jpg,unknown,1.0000,1.1764
Maria_Shriver,0099.jpg,unknown,1.0000,1.1413
Maria_Shriver,0100.jpg,unknown,1.0000,1.2069
Maria_Shriver,0101.jpg,unknown,1.0000,1.2298
Maria_Shriver,0102.jpg,unknown,1.0000,1.1474
Maria_Shriver,0103.jpg,unknown,1.0000,1.1830
Maria_Shriver,0104.jpg,unknown,1.0000,1.1943
Maria_Shriver,0105.jpg,unknown,1.0000,1.1229
Marina_Silva,0001.jpg,Marina_Silva,1.0000,0.6269
Marina_Silva,0002.jpg,Marina_Silva,1.0000,0.5754
Marina_Silva,0003.jpg,Marina_Silva,1.0000,0.7033
Marina_Silva,0004.jpg,Marina_Silva,1.0000,0.6003
Marina_Silva,0005.jpg,Marina_Silva,1.0000,0.6714
Marina_Silva,0006.jpg,Marina_Silva,1.0000,0.8097
Marina_Silva,0007.jpg,Marina_Silva,1.0000,0.6994
Marina_Silva,0008.jpg,Marina_Silva,1.0000,0.6473
Marina_Silva,0009.jpg,Marina_Silva,1.0000,0.5854
Marina_Silva,0010.jpg,Marina_Silva,1.0000,0.6898
Marina_Silva,0011.jpg,Marina_Silva,1.0000,0.7561
Marina_Silva,0012.jpg,Marina_Silva,1.0000,0.7449
Marina_Silva,0013.jpg,Marina_Silva,1.0000,0.7679
Marina_Silva,0014.jpg,Marina_Silva,1.0000,0.6751
Marina_Silva,0015.jpg,Marina_Silva,1.0000,0.6913
Marina_Silva,0016.jpg,Marina_Silva,1.0000,0.6711
Marina_Silva,0017.jpg,Marina_Silva,1.0000,0.5637
Marina_Silva,0018.jpg,Marina_Silva,1.0000,0.7108
Marina_Silva,0019.jpg,Marina_Silva,1.0000,0.6224
Marina_Silva,0020.jpg,Marina_Silva,1.0000,0.6687
Marina_Silva,0021.jpg,Marina_Silva,1.0000,0.6098
Marina_Silva,0022.jpg,Marina_Silva,1.0000,0.6289
Marina_Silva,0023.jpg,Marina_Silva,1.0000,0.6047
Marina_Silva,0024.jpg,Marina_Silva,1.0000,0.5744
Marina_Silva,0025.jpg,Marina_Silva,1.0000,0.6311
Marina_Silva,0026.jpg,Marina_Silva,1.0000,0.6164
Marina_Silva,0027.jpg,Marina_Silva,1.0000,0.6874
Marina_Silva,0028.jpg,Marina_Silva,1.0000,0.6185
Marina_Silva,0029.jpg,Marina_Silva,1.0000,0.7405
Marina_Silva,0030.jpg,Marina_Silva,1.0000,0.6460
Marina_Silva,0031.jpg,Marina_Silva,1.0000,0.7527
Marina_Silva,0032.jpg,Marina_Silva,1.0000,0.7710
Marina_Silva,0033.jpg,Marina_Silva,1.0000,0.6594
Marina_Silva,0034.jpg,Marina_Silva,1.0000,0.5760
Marina_Silva,0035.jpg,Marina_Silva,1.0000,0.6510
Marina_Silva,0036.jpg,Marina_Silva,1.0000,0.6862
Marina_Silva,0037.jpg,Marina_Silva,1.0000,0.7127
Marina_Silva,0038.jpg,Marina_Silva,1.0000,0.6712
Marina_Silva,0039.jpg,Marina_Silva,1.0000,0.7403
Marina_Silva,0040.jpg,Marina_Silva,1.0000,0.7038
Marina_Silva,0041.jpg,Marina_Silva,1.0000,0.5766
Marina_Silva,0042.jpg,Marina_Silva,1.0000,0.6567
Marina_Silva,0043.jpg,Marina_Silva,1.0000,0.6530
Marina_Silva,0044.jpg,Marina_Silva,1.0000,0.6538
Marina_Silva,0045.jpg,Marina_Silva,1.0000,0.6018
Marina_Silva,0046.jpg,Marina_Silva,1.0000,0.6082
Marina_Silva,0047.jpg,Marina_Silva,1.0000,0.6562
Marina_Silva,0048.jpg,Marina_Silva,1.0000,0.6480
Marina_Silva,0049.jpg,Marina_Silva,1.0000,0.6426
Marina_Silva,0050.jpg,Marina_Silva,1.0000,0.7800
Marina_Silva,0051.jpg,Marina_Silva,1.0000,0.6221
Marina_Silva,0052.jpg,Marina_Silva,1.0000,0.7756
Marina_Silva,0053.jpg,Marina_Silva,1.0000,0.6618
Marina_Silva,0054.jpg,Marina_Silva,1.0000,0.7041
Marina_Silva,0055.jpg,Marina_Silva,1.0000,0.6770
Marina_Silva,0056.jpg,Marina_Silva,1.0000,0.6236
Marina_Silva,0057.jpg,Marina_Silva,1.0000,0.5832
Marina_Silva,0058.jpg,Marina_Silva,1.0000,0.7848
Marina_Silva,0059.jpg,Marina_Silva,1.0000,0.6530
Marina_Silva,0060.jpg,Marina_Silva,1.0000,0.6897
Marina_Silva,0061.jpg,Marina_Silva,1.0000,0.6039
Marina_Silva,0062.jpg,Marina_Silva,1.0000,0.7257
Marina_Silva,0063.jpg,Marina_Silva,1.0000,0.7230
Marina_Silva,0064.jpg,Marina_Silva,1.0000,0.7134
Marina_Silva,0065.jpg,Marina_Silva,1.0000,0.8054
Marina_Silva,0066.jpg,Marina_Silva,1.0000,0.6372
Marina_Silva,0067.jpg,Marina_Silva,1.0000,0.7392
Marina_Silva,0068.jpg,Marina_Silva,1.0000,0.6704
Marina_Silva,0069.jpg,Marina_Silva,1.0000,0.7039
Marina_Silva,0070.jpg,Marina_Silva,1.0000,0.6340
Marina_Silva,0071.jpg,Marina_Silva,1.0000,0.7684
Marina_Silva,0072.jpg,Marina_Silva,1.0000,0.6603
Marina_Silva,0073.jpg,Marina_Silva,1.0000,0.7742
Marina_Silva,0074.jpg,Marina_Silva,1.0000,0.6241
Marina_Silva,0075.jpg,Marina_Silva,1.0000,0.6553
Marina_Silva,0076.jpg,Marina_Silva,1.0000,0.6883
Marina_Silva,0077.jpg,Marina_Silva,1.0000,0.6976
Marina_Silva,0078.jpg,Marina_Silva,1.0000,0.6332
Marina_Silva,0079.jpg,Marina_Silva,1.0000,0.6759
Marina_Silva,0080.jpg,Marina_Silva,1.0000,0.7045
Marina_Silva,0081.jpg,Marina_Silva,1.0000,0.5831
Marina_Silva,0082.jpg,Marina_Silva,1.0000,0.6451
Marina_Silva,0083.jpg,Marina_Silva,1.0000,0.6650
Marina_Silva,0084.jpg,Marina_Silva,1.0000,0.6964
Marina_Silva,0085.jpg,Marina_Silva,1.0000,0.6956
Marina_Silva,0086.jpg,Marina_Silva,1.0000,0.7035
Marina_Silva,0087.jpg,Marina_Silva,1.0000,0.7298
Marina_Silva,0088.jpg,Marina_Silva,1.0000,0.7345
Marina_Silva,0089.jpg,Marina_Silva,1.0000,0.5840
Marina_Silva,0090.jpg,Marina_Silva,1.0000,0.7350
Marina_Silva,0091.jpg,Marina_Silva,1.0000,0.7385
Marina_Silva,0092.jpg,Marina_Silva,1.0000,0.5805
Marina_Silva,0093.jpg,Marina_Silva,1.0000,0.6877
Marina_Silva,0094.jpg,Marina_Silva,1.0000,0.7303
Marina_Silva,0095.jpg,Marina_Silva,1.0000,0.6397
Marina_Silva,0096.jpg,Marina_Silva,1.0000,0.7206
Marina_Silva,0097.jpg,Marina_Silva,1.0000,0.8749
Marina_Silva,0098.jpg,Marina_Silva,1.0000,0.5997
Marina_Silva,0099.jpg,Marina_Silva,1.0000,0.6460
Marina_Silva,0100.jpg,Marina_Silva,1.0000,0.7524
Marina_Silva,0101.jpg,Marina_Silva,1.0000,0.6905
Marina_Silva,0102.jpg,Marina_Silva,1.0000,0.6172
Marina_Silva,0103.jpg,Marina_Silva,1.0000,0.6694
Marina_Silva,0104.jpg,Marina_Silva,1.0000,0.7244
Marina_Silva,0105.jpg,Marina_Silva,1.0000,0.6220
Marina_Silva,0106.jpg,Marina_Silva,1.0000,0.6803
Marina_Silva,0107.jpg,Marina_Silva,1.0000,0.7546
Marina_Silva,0108.jpg,Marina_Silva,1.0000,0.6622
Marina_Silva,0109.jpg,Marina_Silva,1.0000,0.7444
Marina_Silva,0110.jpg,Marina_Silva,1.0000,0.7715
Marina_Silva,0111.jpg,Marina_Silva,1.0000,0.5672
Marina_Silva,0112.jpg,Marina_Silva,1.0000,0.6892
Marina_Silva,0113.jpg,Marina_Silva,1.0000,0.7071
Marina_Silva,0114.jpg,Marina_Silva,1.0000,0.6865
Marina_Silva,0115.jpg,Marina_Silva,1.0000,0.6860
Marina_Silva,0116.jpg,Marina_Silva,1.0000,0.6582
Marina_Silva,0117.jpg,Marina_Silva,1.0000,0.7528
Marina_Silva,0118.jpg,Marina_Silva,1.0000,0.7418
Marina_Silva,0119.jpg,Marina_Silva,1.0000,0.6893
Marina_Silva,0120.jpg,Marina_Silva,1.0000,0.6589
Marina_Silva,0121.jpg,Marina_Silva,1.0000,0.6270
Marina_Silva,0122.jpg,Marina_Silva,1.0000,0.6502
Marina_Silva,0123.jpg,Marina_Silva,1.0000,0.6520
Marina_Silva,0124.jpg,Marina_Silva,1.0000,0.8179
Marina_Silva,0125.jpg,Marina_Silva,1.0000,0.7530
Marina_Silva,0126.jpg,Marina_Silva,1.0000,0.6862
Marina_Silva,0127.jpg,Marina_Silva,1.0000,0.6799
Marina_Silva,0128.jpg,Marina_Silva,1.0000,0.7995
Marina_Silva,0129.jpg,Marina_Silva,1.0000,0.7554
Marina_Silva,0130.jpg,Marina_Silva,1.0000,0.6855
Marina_Silva,0131.jpg,Marina_Silva,1.0000,0.8595
Marina_Silva,0132.jpg,Marina_Silva,1.0000,0.7418
Marina_Silva,0133.jpg,Marina_Silva,1.0000,0.8219
Marina_Silva,0134.jpg,Marina_Silva,1.0000,0.6185
Marina_Silva,0135.jpg,Marina_Silva,1.0000,0.5888
Marina_Silva,0136.jpg,Marina_Silva,1.0000,0.5399
Marina_Silva,0137.jpg,Marina_Silva,1.0000,0.7767
Marina_Silva,0138.jpg,Marina_Silva,1.0000,0.6593
Marina_Silva,0139.jpg,Marina_Silva,1.0000,0.8183
Marina_Silva,0140.jpg,Marina_Silva,1.0000,0.7501
Marina_Silva,0141.jpg,Marina_Silva,1.0000,0.7087
Marina_Silva,0142.jpg,Marina_Silva,1.0000,0.6725
Marina_Silva,0143.jpg,Marina_Silva,1.0000,0.6707
Marina_Silva,0144.jpg,Marina_Silva,1.0000,0.7473
Marina_Silva,0145.jpg,Marina_Silva,1.0000,0.7821
Marina_Silva,0146.jpg,Marina_Silva,1.0000,0.7071
Marina_Silva,0147.jpg,Marina_Silva,1.0000,0.7364
Marina_Silva,0148.jpg,Marina_Silva,1.0000,0.6913
Marina_Silva,0149.jpg,Marina_Silva,1.0000,0.6389
Marina_Silva,0150.jpg,Marina_Silva,1.0000,0.6409
Marina_Silva,0151.jpg,Marina_Silva,1.0000,0.8528
Marina_Silva,0152.jpg,Marina_Silva,1.0000,0.6674
Marina_Silva,0153.jpg,Marina_Silva,1.0000,0.6349
Marina_Silva,0154.jpg,Marina_Silva,1.0000,0.5792
Marina_Silva,0155.jpg,Marina_Silva,1.0000,0.6343
Marina_Silva,0156.jpg,Marina_Silva,1.0000,0.6556
Marina_Silva,0157.jpg,Marina_Silva,1.0000,0.6537
Marina_Silva,0158.jpg,Marina_Silva,1.0000,0.5503
Marina_Silva,0159.jpg,Marina_Silva,1.0000,0.5327
Marina_Silva,0160.jpg,Marina_Silva,1.0000,0.7319
Marina_Silva,0161.jpg,Marina_Silva,1.0000,0.6385
Marina_Silva,0162.jpg,Marina_Silva,1.0000,0.6729
Marina_Silva,0163.jpg,Marina_Silva,1.0000,0.5878
Marina_Silva,0164.jpg,Marina_Silva,1.0000,0.6577
Marina_Silva,0165.jpg,Marina_Silva,1.0000,0.6431
Marina_Silva,0166.jpg,Marina_Silva,1.0000,0.7646
Marina_Silva,0167.jpg,Marina_Silva,1.0000,0.7509
Marina_Silva,0168.jpg,Marina_Silva,1.0000,0.5703
Marina_Silva,0169.jpg,Marina_Silva,1.0000,0.6194
Marina_Silva,0170.jpg,Marina_Silva,1.0000,0.6460
Marina_Silva,0171.jpg,Marina_Silva,1.0000,0.7335
Marina_Silva,0172.jpg,Marina_Silva,1.0000,0.6431
Marina_Silva,0173.jpg,Marina_Silva,1.0000,0.6383
Nancy_Sinatra,0001.jpg,Nancy_Sinatra,1.0000,0.8929
Nancy_Sinatra,0002.jpg,unknown,1.0000,1.0772
Nancy_Sinatra,0003.jpg,Nancy_Sinatra,1.0000,0.9893
Nancy_Sinatra,0004.jpg,unknown,1.0000,1.0301
Nancy_Sinatra,0005.jpg,Nancy_Sinatra,1.0000,0.9702
Nancy_Sinatra,0006.jpg,Nancy_Sinatra,1.0000,0.9783
Nancy_Sinatra,0007.jpg,Nancy_Sinatra,1.0000,1.0010
Nancy_Sinatra,0008.jpg,unknown,1.0000,1.0377
Nancy_Sinatra,0009.jpg,Nancy_Sinatra,1.0000,0.8455
Nancy_Sinatra,0010.jpg,Nancy_Sinatra,1.0000,0.9436
Nancy_Sinatra,0011.jpg,Nancy_Sinatra,1.0000,0.8489
Nancy_Sinatra,0012.jpg,Nancy_Sinatra,1.0000,0.9179
Nancy_Sinatra,0013.jpg,Nancy_Sinatra,1.0000,0.9890
Nancy_Sinatra,0014.jpg,Nancy_Sinatra,1.0000,0.7989
Nancy_Sinatra,0015.jpg,Nancy_Sinatra,1.0000,0.9718
Nancy_Sinatra,0016.jpg,Nancy_Sinatra,1.0000,0.7976
Nancy_Sinatra,0017.jpg,Nancy_Sinatra,1.0000,1.0060
Nancy_Sinatra,0018.jpg,Nancy_Sinatra,1.0000,0.8238
Nancy_Sinatra,0019.jpg,Nancy_Sinatra,1.0000,0.8530
Nancy_Sinatra,0020.jpg,Nancy_Sinatra,1.0000,0.7965
Nancy_Sinatra,0021.jpg,Nancy_Sinatra,1.0000,0.9849
Nancy_Sinatra,0022.jpg,Nancy_Sinatra,1.0000,0.8362
Nancy_Sinatra,0023.jpg,Nancy_Sinatra,1.0000,0.8843
Nancy_Sinatra,0024.jpg,Nancy_Sinatra,1.0000,0.8125
Nancy_Sinatra,0025.jpg,Nancy_Sinatra,1.0000,0.8166
Nancy_Sinatra,0026.jpg,Nancy_Sinatra,1.0000,0.8249
Nancy_Sinatra,0027.jpg,Nancy_Sinatra,1.0000,0.8569
Nancy_Sinatra,0028.jpg,Nancy_Sinatra,1.0000,0.8456
Nancy_Sinatra,0029.jpg,Nancy_Sinatra,1.0000,0.9787
Nancy_Sinatra,0030.jpg,Nancy_Sinatra,1.0000,0.9449
Nancy_Sinatra,0031.jpg,Nancy_Sinatra,1.0000,0.8616
Nancy_Sinatra,0032.jpg,Nancy_Sinatra,1.0000,0.8352
Nancy_Sinatra,0033.jpg,Nancy_Sinatra,1.0000,1.0140
Nancy_Sinatra,0034.jpg,Nancy_Sinatra,1.0000,0.8101
Nancy_Sinatra,0035.jpg,Nancy_Sinatra,1.0000,0.9458
Nancy_Sinatra,0036.jpg,Nancy_Sinatra,1.0000,0.9581
Nancy_Sinatra,0037.jpg,Nancy_Sinatra,1.0000,0.9963
Nancy_Sinatra,0038.jpg,Nancy_Sinatra,1.0000,0.8302
Nancy_Sinatra,0039.jpg,Nancy_Sinatra,1.0000,0.9643
Nancy_Sinatra,0040.jpg,unknown,1.0000,1.0670
Nancy_Sinatra,0041.jpg,Nancy_Sinatra,1.0000,0.8560
Nancy_Sinatra,0042.jpg,Nancy_Sinatra,1.0000,0.9537
Nancy_Sinatra,0043.jpg,Nancy_Sinatra,1.0000,0.8459
Nancy_Sinatra,0044.jpg,Nancy_Sinatra,1.0000,0.8349
Nancy_Sinatra,0045.jpg,Nancy_Sinatra,1.0000,0.8612
Nancy_Sinatra,0046.jpg,unknown,1.0000,1.0255
Nancy_Sinatra,0047.jpg,Nancy_Sinatra,1.0000,0.8616
Nancy_Sinatra,0048.jpg,Nancy_Sinatra,1.0000,0.8527
Nancy_Sinatra,0049.jpg,Nancy_Sinatra,1.0000,0.9777
Nancy_Sinatra,0050.jpg,Nancy_Sinatra,1.0000,0.8377
Nancy_Sinatra,0051.jpg,Nancy_Sinatra,1.0000,1.0106
Nancy_Sinatra,0052.jpg,Nancy_Sinatra,1.0000,0.8217
Nancy_Sinatra,0053.jpg,Nancy_Sinatra,1.0000,0.8273
Nancy_Sinatra,0054.jpg,Nancy_Sinatra,1.0000,0.9002
Nancy_Sinatra,0055.jpg,Nancy_Sinatra,1.0000,0.9320
Nancy_Sinatra,0056.jpg,Nancy_Sinatra,1.0000,0.9220
Nancy_Sinatra,0057.jpg,Nancy_Sinatra,1.0000,0.7943
Nancy_Sinatra,0058.jpg,Nancy_Sinatra,1.0000,0.9590
Nancy_Sinatra,0059.jpg,Nancy_Sinatra,1.0000,0.9425
Nancy_Sinatra,0060.jpg,Nancy_Sinatra,1.0000,0.8557
Nancy_Sinatra,0061.jpg,Nancy_Sinatra,1.0000,0.8195
Nancy_Sinatra,0062.jpg,Nancy_Sinatra,1.0000,0.8147
Nancy_Sinatra,0063.jpg,Nancy_Sinatra,1.0000,1.0155
Nancy_Sinatra,0064.jpg,Nancy_Sinatra,1.0000,0.8365
Nancy_Sinatra,0065.jpg,Nancy_Sinatra,1.0000,0.8990
Nancy_Sinatra,0066.jpg,Nancy_Sinatra,1.0000,1.0021
Nancy_Sinatra,0067.jpg,Nancy_Sinatra,1.0000,1.0164
Nancy_Sinatra,0068.jpg,Nancy_Sinatra,1.0000,0.9110
Nancy_Sinatra,0069.jpg,Nancy_Sinatra,1.0000,0.9840
Nancy_Sinatra,0070.jpg,Nancy_Sinatra,1.0000,0.9982
Nancy_Sinatra,0071.jpg,Nancy_Sinatra,1.0000,0.7706
Nancy_Sinatra,0072.jpg,Nancy_Sinatra,1.0000,1.0143
Nancy_Sinatra,0073.jpg,Nancy_Sinatra,1.0000,0.9887
Peter_Gilmour,0001.jpg,Peter_Gilmour,1.0000,0.5495
Peter_Gilmour,0002.jpg,Peter_Gilmour,1.0000,0.5973
Peter_Gilmour,0003.jpg,Peter_Gilmour,1.0000,0.6531
Peter_Gilmour,0004.jpg,Peter_Gilmour,1.0000,0.5197
Peter_Gilmour,0005.jpg,Peter_Gilmour,1.0000,0.5557
Peter_Gilmour,0006.jpg,Peter_Gilmour,1.0000,0.5236
Peter_Gilmour,0007.jpg,Peter_Gilmour,1.0000,0.6533
Peter_Gilmour,0008.jpg,Peter_Gilmour,1.0000,0.6369
Peter_Gilmour,0009.jpg,Peter_Gilmour,1.0000,0.5866
Peter_Gilmour,0010.jpg,Peter_Gilmour,1.0000,0.6043
Peter_Gilmour,0011.jpg,Peter_Gilmour,1.0000,0.6457
Peter_Gilmour,0012.jpg,Peter_Gilmour,1.0000,0.5901
Peter_Gilmour,0013.jpg,Peter_Gilmour,1.0000,0.6165
Peter_Gilmour,0014.jpg,Peter_Gilmour,1.0000,0.6253
Peter_Gilmour,0015.jpg,Peter_Gilmour,1.0000,0.5523
Peter_Gilmour,0016.jpg,Peter_Gilmour,1.0000,0.5496
Peter_Gilmour,0017.jpg,Peter_Gilmour,1.0000,0.5469
Peter_Gilmour,0018.jpg,Peter_Gilmour,1.0000,0.5110
Peter_Gilmour,0019.jpg,Peter_Gilmour,1.0000,0.5692
Peter_Gilmour,0020.jpg,Peter_Gilmour,1.0000,0.5920
Peter_Gilmour,0021.jpg,Peter_Gilmour,1.0000,0.6437
Peter_Gilmour,0022.jpg,Peter_Gilmour,1.0000,0.6319
Peter_Gilmour,0023.jpg,Peter_Gilmour,1.0000,0.5927
Peter_Gilmour,0024.jpg,Peter_Gilmour,1.0000,0.6687
Peter_Gilmour,0025.jpg,Peter_Gilmour,1.0000,0.5900
Peter_Gilmour,0026.jpg,Peter_Gilmour,1.0000,0.6123
Peter_Gilmour,0027.jpg,Peter_Gilmour,1.0000,0.5578
Peter_Gilmour,0028.jpg,Peter_Gilmour,1.0000,0.6015
Peter_Gilmour,0029.jpg,Peter_Gilmour,1.0000,0.6430
Peter_Gilmour,0030.jpg,Peter_Gilmour,1.0000,0.6418
Peter_Gilmour,0031.jpg,Peter_Gilmour,1.0000,0.6760
Peter_Gilmour,0032.jpg,Peter_Gilmour,1.0000,0.5951
Peter_Gilmour,0033.jpg,Peter_Gilmour,1.0000,0.5972
Peter_Gilmour,0034.jpg,Peter_Gilmour,1.0000,0.6643
Peter_Gilmour,0035.jpg,Peter_Gilmour,1.0000,0.6296
Peter_Gilmour,0036.jpg,Peter_Gilmour,1.0000,0.6315
Peter_Gilmour,0037.jpg,Peter_Gilmour,1.0000,0.6070
Peter_Gilmour,0038.jpg,Peter_Gilmour,1.0000,0.6673
Peter_Gilmour,0039.jpg,Peter_Gilmour,1.0000,0.5583
Peter_Gilmour,0040.jpg,Peter_Gilmour,1.0000,0.6265
Peter_Gilmour,0041.jpg,Peter_Gilmour,1.0000,0.5619
Peter_Gilmour,0042.jpg,Peter_Gilmour,1.0000,0.6521
Peter_Gilmour,0043.jpg,Peter_Gilmour,1.0000,0.5217
Peter_Gilmour,0044.jpg,Peter_Gilmour,1.0000,0.5201
Peter_Gilmour,0045.jpg,Peter_Gilmour,1.0000,0.5848
Peter_Gilmour,0046.jpg,Peter_Gilmour,1.0000,0.5623
Peter_Gilmour,0047.jpg,Peter_Gilmour,1.0000,0.5617
Peter_Gilmour,0048.jpg,Peter_Gilmour,1.0000,0.6189
Peter_Gilmour,0049.jpg,Peter_Gilmour,1.0000,0.5744
Peter_Gilmour,0050.jpg,Peter_Gilmour,1.0000,0.5338
Peter_Gilmour,0051.jpg,Peter_Gilmour,1.0000,0.6249
Peter_Gilmour,0052.jpg,Peter_Gilmour,1.0000,0.5145
Peter_Gilmour,0053.jpg,Peter_Gilmour,1.0000,0.5531
Peter_Gilmour,0054.jpg,Peter_Gilmour,1.0000,0.5298
Peter_Gilmour,0055.jpg,Peter_Gilmour,1.0000,0.6726
Peter_Gilmour,0056.jpg,Peter_Gilmour,1.0000,0.5707
Peter_Gilmour,0057.jpg,Peter_Gilmour,1.0000,0.6643
Peter_Gilmour,0058.jpg,Peter_Gilmour,1.0000,0.6544
Peter_Gilmour,0059.jpg,Peter_Gilmour,1.0000,0.5219
Peter_Gilmour,0060.jpg,Peter_Gilmour,1.0000,0.5722
Peter_Gilmour,0061.jpg,Peter_Gilmour,1.0000,0.5765
Peter_Gilmour,0062.jpg,Peter_Gilmour,1.0000,0.6251
Peter_Gilmour,0063.jpg,Peter_Gilmour,1.0000,0.5830
Peter_Gilmour,0064.jpg,Peter_Gilmour,1.0000,0.5997
Peter_Gilmour,0065.jpg,Peter_Gilmour,1.0000,0.5571
Peter_Gilmour,0066.jpg,Peter_Gilmour,1.0000,0.5845
Peter_Gilmour,0067.jpg,Peter_Gilmour,1.0000,0.5905
Peter_Gilmour,0068.jpg,Peter_Gilmour,1.0000,0.7066
Peter_Gilmour,0069.jpg,Peter_Gilmour,1.0000,0.5839
Peter_Gilmour,0070.jpg,Peter_Gilmour,1.0000,0.5603
Peter_Gilmour,0071.jpg,Peter_Gilmour,1.0000,0.5545
Peter_Gilmour,0072.jpg,Peter_Gilmour,1.0000,0.7475
Peter_Gilmour,0073.jpg,Peter_Gilmour,1.0000,0.5963
Peter_Gilmour,0074.jpg,Peter_Gilmour,1.0000,0.6629
Peter_Gilmour,0075.jpg,Peter_Gilmour,1.0000,0.6170
Peter_Gilmour,0076.jpg,Peter_Gilmour,1.0000,0.5743
Peter_Gilmour,0077.jpg,Peter_Gilmour,1.0000,0.6404
Peter_Gilmour,0078.jpg,Peter_Gilmour,1.0000,0.5660
Peter_Gilmour,0079.jpg,Peter_Gilmour,1.0000,0.6428
Peter_Gilmour,0080.jpg,Peter_Gilmour,1.0000,0.5691
Peter_Gilmour,0081.jpg,Peter_Gilmour,1.0000,0.6224
Peter_Gilmour,0082.jpg,Peter_Gilmour,1.0000,0.5996
Peter_Gilmour,0083.jpg,Peter_Gilmour,1.0000,0.5924
Peter_Gilmour,0084.jpg,Peter_Gilmour,1.0000,0.6468
Peter_Gilmour,0085.jpg,Peter_Gilmour,1.0000,0.6166
Peter_Gilmour,0086.jpg,Peter_Gilmour,1.0000,0.5477
Peter_Gilmour,0087.jpg,Peter_Gilmour,1.0000,0.5851
Peter_Gilmour,0088.jpg,Peter_Gilmour,1.0000,0.6771
Peter_Gilmour,0089.jpg,Peter_Gilmour,1.0000,0.6454
Peter_Gilmour,0090.jpg,Peter_Gilmour,1.0000,0.6815
Peter_Gilmour,0091.jpg,Peter_Gilmour,1.0000,0.6311
Peter_Gilmour,0092.jpg,Peter_Gilmour,1.0000,0.5362
Peter_Gilmour,0093.jpg,Peter_Gilmour,1.0000,0.5620
Peter_Gilmour,0094.jpg,Peter_Gilmour,1.0000,0.5807
Peter_Gilmour,0095.jpg,Peter_Gilmour,1.0000,0.6108
Peter_Gilmour,0096.jpg,Peter_Gilmour,1.0000,0.6300
Peter_Gilmour,0097.jpg,Peter_Gilmour,1.0000,0.6761
Peter_Gilmour,0098.jpg,Peter_Gilmour,1.0000,0.6737
Peter_Gilmour,0099.jpg,Peter_Gilmour,1.0000,0.7053
Peter_Gilmour,0100.jpg,Peter_Gilmour,1.0000,0.6547
Peter_Gilmour,0101.jpg,Peter_Gilmour,1.0000,0.6596
Peter_Gilmour,0102.jpg,Peter_Gilmour,1.0000,0.6291
Peter_Gilmour,0103.jpg,Peter_Gilmour,1.0000,0.6651
Peter_Gilmour,0104.jpg,Peter_Gilmour,1.0000,0.6200
Peter_Gilmour,0105.jpg,Peter_Gilmour,1.0000,0.5981
Peter_Gilmour,0106.jpg,Peter_Gilmour,1.0000,0.6705
Peter_Gilmour,0107.jpg,Peter_Gilmour,1.0000,0.5985
Peter_Gilmour,0108.jpg,Peter_Gilmour,1.0000,0.5706
Peter_Gilmour,0109.jpg,Peter_Gilmour,1.0000,0.6745
Peter_Gilmour,0110.jpg,Peter_Gilmour,1.0000,0.6533
Peter_Gilmour,0111.jpg,Peter_Gilmour,1.0000,0.5885
Peter_Gilmour,0112.jpg,Peter_Gilmour,1.0000,0.6193
Peter_Gilmour,0113.jpg,Peter_Gilmour,1.0000,0.6338
Peter_Gilmour,0114.jpg,Peter_Gilmour,1.0000,0.5791
Peter_Gilmour,0115.jpg,Peter_Gilmour,1.0000,0.6113
Peter_Gilmour,0116.jpg,Peter_Gilmour,1.0000,0.6231
Peter_Gilmour,0117.jpg,Peter_Gilmour,1.0000,0.6862
Peter_Gilmour,0118.jpg,Peter_Gilmour,1.0000,0.5162
Peter_Gilmour,0119.jpg,Peter_Gilmour,1.0000,0.8074
Peter_Gilmour,0120.jpg,Peter_Gilmour,1.0000,0.6685
Peter_Gilmour,0121.jpg,Peter_Gilmour,1.0000,0.6262
Peter_Gilmour,0122.jpg,Peter_Gilmour,1.0000,0.6622
Peter_Gilmour,0123.jpg,Peter_Gilmour,1.0000,0.5737
Peter_Gilmour,0124.jpg,Peter_Gilmour,1.0000,0.5388
Peter_Gilmour,0125.jpg,Peter_Gilmour,1.0000,0.6421
Peter_Gilmour,0126.jpg,Peter_Gilmour,1.0000,0.5586
Peter_Gilmour,0127.jpg,Peter_Gilmour,1.0000,0.6111
Peter_Gilmour,0128.jpg,Peter_Gilmour,1.0000,0.5886
Peter_Gilmour,0129.jpg,Peter_Gilmour,1.0000,0.6522
Peter_Gilmour,0130.jpg,Peter_Gilmour,1.0000,0.6666
Peter_Gilmour,0131.jpg,Peter_Gilmour,1.0000,0.7051
Peter_Gilmour,0132.jpg,Peter_Gilmour,1.0000,0.6183
Peter_Gilmour,0133.jpg,Peter_Gilmour,1.0000,0.5677
Peter_Gilmour,0134.jpg,Peter_Gilmour,1.0000,0.5958
Peter_Gilmour,0135.jpg,Peter_Gilmour,1.0000,0.5683
Peter_Gilmour,0136.jpg,Peter_Gilmour,1.0000,0.6142
Peter_Gilmour,0137.jpg,Peter_Gilmour,1.0000,0.6053
Peter_Gilmour,0138.jpg,Peter_Gilmour,1.0000,0.6121
Peter_Gilmour,0139.jpg,Peter_Gilmour,1.0000,0.5870
Peter_Gilmour,0140.jpg,Peter_Gilmour,1.0000,0.6000
Peter_Gilmour,0141.jpg,Peter_Gilmour,1.0000,0.6510
Peter_Gilmour,0142.jpg,Peter_Gilmour,1.0000,0.7367
Peter_Gilmour,0143.jpg,Peter_Gilmour,1.0000,0.6102
Peter_Gilmour,0144.jpg,Peter_Gilmour,1.0000,0.5766
Peter_Gilmour,0145.jpg,Peter_Gilmour,1.0000,0.6123
Peter_Gilmour,0146.jpg,Peter_Gilmour,1.0000,0.5439
Peter_Gilmour,0147.jpg,Peter_Gilmour,1.0000,0.5646
Peter_Gilmour,0148.jpg,Peter_Gilmour,1.0000,0.6203
Peter_Gilmour,0149.jpg,Peter_Gilmour,1.0000,0.5420
Peter_Gilmour,0150.jpg,Peter_Gilmour,1.0000,0.6225
Peter_Gilmour,0151.jpg,Peter_Gilmour,1.0000,0.5748
Peter_Gilmour,0152.jpg,Peter_Gilmour,1.0000,0.6709
Peter_Gilmour,0153.jpg,Peter_Gilmour,1.0000,0.6430
Peter_Gilmour,0154.jpg,Peter_Gilmour,1.0000,0.6921
Peter_Gilmour,0155.jpg,Peter_Gilmour,1.0000,0.6417
Peter_Gilmour,0156.jpg,Peter_Gilmour,1.0000,0.6010
Peter_Gilmour,0157.jpg,Peter_Gilmour,1.0000,0.5729
Peter_Gilmour,0158.jpg,Peter_Gilmour,1.0000,0.5460
Peter_Gilmour,0159.jpg,Peter_Gilmour,1.0000,0.6040
Peter_Gilmour,0160.jpg,Peter_Gilmour,1.0000,0.6165
Peter_Gilmour,0161.jpg,Peter_Gilmour,1.0000,0.6524
Peter_Gilmour,0162.jpg,Peter_Gilmour,1.0000,0.6573
Peter_Gilmour,0163.jpg,Peter_Gilmour,1.0000,0.6379
Peter_Gilmour,0164.jpg,Peter_Gilmour,1.0000,0.6159
Peter_Gilmour,0165.jpg,Peter_Gilmour,1.0000,0.6477
Peter_Gilmour,0166.jpg,Peter_Gilmour,1.0000,0.5965
Peter_Gilmour,0167.jpg,Peter_Gilmour,1.0000,0.6550
Peter_Gilmour,0168.jpg,Peter_Gilmour,1.0000,0.7317
Peter_Gilmour,0169.jpg,Peter_Gilmour,1.0000,0.5399
Peter_Gilmour,0170.jpg,Peter_Gilmour,1.0000,0.5157
Peter_Gilmour,0171.jpg,Peter_Gilmour,1.0000,0.5693
Peter_Gilmour,0172.jpg,Peter_Gilmour,1.0000,0.5654
Peter_Gilmour,0173.jpg,Peter_Gilmour,1.0000,0.6069
