true_folder,true_type,frame,raw_pred_label,probability,distance
Al_Pacino,unknown,0001.jpg,Manuel_Pellegrini,1.0,1.1535379886627197
Al_Pacino,unknown,0002.jpg,Manuel_Pellegrini,1.0,1.1157522201538086
Al_Pacino,unknown,0003.jpg,Manuel_Pellegrini,1.0,1.1109951734542847
Al_Pacino,unknown,0004.jpg,Nancy_Sinatra,1.0,1.0884853601455688
Al_Pacino,unknown,0005.jpg,Manuel_Pellegrini,1.0,1.0529029369354248
Al_Pacino,unknown,0006.jpg,Manuel_Pellegrini,1.0,1.1000909805297852
Al_Pacino,unknown,0007.jpg,Manuel_Pellegrini,1.0,1.0792396068572998
Al_Pacino,unknown,0008.jpg,Peter_Gilmour,1.0,1.072818398475647
Al_Pacino,unknown,0009.jpg,Manuel_Pellegrini,1.0,1.1313459873199463
Al_Pacino,unknown,0010.jpg,Manuel_Pellegrini,1.0,1.1169939041137695
Al_Pacino,unknown,0011.jpg,Manuel_Pellegrini,1.0,1.1424390077590942
Al_Pacino,unknown,0012.jpg,Peter_Gilmour,0.6666666666666666,1.1864994764328003
Al_Pacino,unknown,0013.jpg,Manuel_Pellegrini,1.0,1.0665631294250488
Al_Pacino,unknown,0014.jpg,Nancy_Sinatra,1.0,1.101134181022644
Al_Pacino,unknown,0015.jpg,Manuel_Pellegrini,1.0,1.0340298414230347
Al_Pacino,unknown,0016.jpg,Peter_Gilmour,1.0,1.1024465560913086
Al_Pacino,unknown,0017.jpg,Manuel_Pellegrini,1.0,1.098245620727539
Al_Pacino,unknown,0018.jpg,Peter_Gilmour,1.0,1.1315186023712158
Al_Pacino,unknown,0019.jpg,Nancy_Sinatra,1.0,1.0569485425949097
Al_Pacino,unknown,0020.jpg,Peter_Gilmour,0.6666666666666666,1.2114059925079346
Al_Pacino,unknown,0021.jpg,Peter_Gilmour,0.6666666666666666,1.0997754335403442
Al_Pacino,unknown,0022.jpg,Manuel_Pellegrini,1.0,1.1232750415802002
Al_Pacino,unknown,0023.jpg,Manuel_Pellegrini,1.0,1.1473431587219238
Al_Pacino,unknown,0024.jpg,Manuel_Pellegrini,1.0,1.1576995849609375
Al_Pacino,unknown,0025.jpg,Manuel_Pellegrini,1.0,1.1009916067123413
Al_Pacino,unknown,0026.jpg,Nancy_Sinatra,0.6666666666666666,1.1576120853424072
Al_Pacino,unknown,0027.jpg,Manuel_Pellegrini,1.0,1.1507309675216675
Al_Pacino,unknown,0028.jpg,Peter_Gilmour,0.6666666666666666,1.1513537168502808
Al_Pacino,unknown,0029.jpg,Nancy_Sinatra,1.0,1.1200764179229736
Al_Pacino,unknown,0030.jpg,Manuel_Pellegrini,1.0,1.0793123245239258
Al_Pacino,unknown,0031.jpg,Manuel_Pellegrini,1.0,1.0974589586257935
Al_Pacino,unknown,0032.jpg,Manuel_Pellegrini,1.0,1.1534764766693115
Al_Pacino,unknown,0033.jpg,Manuel_Pellegrini,1.0,1.1598657369613647
Al_Pacino,unknown,0034.jpg,Manuel_Pellegrini,1.0,1.0854078531265259
Al_Pacino,unknown,0035.jpg,Manuel_Pellegrini,1.0,1.1139421463012695
Al_Pacino,unknown,0036.jpg,Peter_Gilmour,1.0,1.0806732177734375
Al_Pacino,unknown,0037.jpg,Manuel_Pellegrini,1.0,1.0805306434631348
Al_Pacino,unknown,0038.jpg,Manuel_Pellegrini,1.0,1.0957143306732178
Al_Pacino,unknown,0039.jpg,Peter_Gilmour,1.0,1.1101720333099365
Al_Pacino,unknown,0040.jpg,Manuel_Pellegrini,1.0,1.0693401098251343
Al_Pacino,unknown,0041.jpg,Peter_Gilmour,0.6666666666666666,1.1863582134246826
Al_Pacino,unknown,0042.jpg,Peter_Gilmour,1.0,1.2363208532333374
Al_Pacino,unknown,0043.jpg,Peter_Gilmour,1.0,1.2428146600723267
Al_Pacino,unknown,0044.jpg,Peter_Gilmour,1.0,1.2456575632095337
Al_Pacino,unknown,0045.jpg,Peter_Gilmour,1.0,1.2274012565612793
Al_Pacino,unknown,0046.jpg,Marina_Silva,1.0,1.2404708862304688
Al_Pacino,unknown,0047.jpg,Manuel_Pellegrini,1.0,1.1171109676361084
Al_Pacino,unknown,0048.jpg,Manuel_Pellegrini,1.0,1.1206769943237305
Al_Pacino,unknown,0049.jpg,Nancy_Sinatra,1.0,1.0278648138046265
Alan_Ball,known,0001.jpg,Alan_Ball,1.0,0.8161950707435608
Alan_Ball,known,0002.jpg,Alan_Ball,1.0,0.8351427912712097
Alan_Ball,known,0003.jpg,Alan_Ball,1.0,0.7564334273338318
Alan_Ball,known,0004.jpg,Alan_Ball,1.0,0.8356176614761353
Alan_Ball,known,0005.jpg,Alan_Ball,1.0,0.8495833873748779
Alan_Ball,known,0006.jpg,Alan_Ball,1.0,0.9011277556419373
Alan_Ball,known,0007.jpg,Alan_Ball,1.0,0.7095324993133545
Alan_Ball,known,0008.jpg,Alan_Ball,1.0,0.7909613847732544
Alan_Ball,known,0009.jpg,Alan_Ball,1.0,0.7017583250999451
Alan_Ball,known,0010.jpg,Alan_Ball,1.0,0.7223518490791321
Alan_Ball,known,0011.jpg,Alan_Ball,1.0,0.7742264866828918
Alan_Ball,known,0012.jpg,Alan_Ball,1.0,0.6838058233261108
Alan_Ball,known,0013.jpg,Alan_Ball,1.0,0.6752346754074097
Alan_Ball,known,0014.jpg,Marina_Silva,1.0,1.2166624069213867
Alan_Ball,known,0015.jpg,Marina_Silva,1.0,1.2670263051986694
Alan_Ball,known,0016.jpg,Marina_Silva,1.0,1.263582706451416
Alan_Ball,known,0017.jpg,Marina_Silva,1.0,1.2593541145324707
Alan_Ball,known,0018.jpg,Marina_Silva,0.6666666666666666,1.2848570346832275
Alan_Ball,known,0019.jpg,Alan_Ball,1.0,0.6825259327888489
Alan_Ball,known,0020.jpg,Alan_Ball,1.0,0.8741229772567749
Alan_Ball,known,0021.jpg,Alan_Ball,1.0,0.612299382686615
Alan_Ball,known,0022.jpg,Alan_Ball,1.0,0.8520616292953491
Alan_Ball,known,0023.jpg,Alan_Ball,1.0,0.6509918570518494
Alan_Ball,known,0024.jpg,Alan_Ball,1.0,0.7712256908416748
Alan_Ball,known,0025.jpg,Alan_Ball,1.0,0.8723587989807129
Alan_Ball,known,0026.jpg,Alan_Ball,1.0,0.6998511552810669
Alan_Ball,known,0027.jpg,Alan_Ball,1.0,0.6041341423988342
Alan_Ball,known,0028.jpg,Alan_Ball,1.0,0.7057279944419861
Alan_Ball,known,0029.jpg,Alan_Ball,1.0,0.6735482215881348
Alan_Ball,known,0030.jpg,Alan_Ball,1.0,0.869471549987793
Alan_Ball,known,0031.jpg,Alan_Ball,1.0,0.7102523446083069
Alan_Ball,known,0032.jpg,Alan_Ball,1.0,0.6924691796302795
Alan_Ball,known,0033.jpg,Alan_Ball,1.0,0.6826683282852173
Alan_Ball,known,0034.jpg,Alan_Ball,1.0,0.8090749382972717
Alan_Ball,known,0035.jpg,Alan_Ball,1.0,0.7201521396636963
Alan_Ball,known,0036.jpg,Alan_Ball,1.0,0.6697027683258057
Alan_Ball,known,0037.jpg,Alan_Ball,1.0,0.7943697571754456
Alan_Ball,known,0038.jpg,Alan_Ball,1.0,0.7359947562217712
Alan_Ball,known,0039.jpg,Marina_Silva,1.0,1.239088773727417
Alan_Ball,known,0040.jpg,Marina_Silva,1.0,1.220504641532898
Alan_Ball,known,0041.jpg,Marina_Silva,1.0,1.235020399093628
Alan_Ball,known,0042.jpg,Marina_Silva,1.0,1.221082091331482
Alan_Ball,known,0043.jpg,Alan_Ball,1.0,0.8382514119148254
Alan_Ball,known,0044.jpg,Alan_Ball,1.0,0.8018864393234253
Alan_Ball,known,0045.jpg,Alan_Ball,1.0,0.7450123429298401
Alan_Ball,known,0046.jpg,Alan_Ball,1.0,0.9161732196807861
Alan_Ball,known,0047.jpg,Alan_Ball,1.0,0.6811228394508362
Alan_Ball,known,0048.jpg,Alan_Ball,1.0,0.7970726490020752
Alan_Ball,known,0049.jpg,Alan_Ball,1.0,0.7989188432693481
Alan_Ball,known,0050.jpg,Alan_Ball,1.0,0.7167088985443115
Alan_Ball,known,0051.jpg,Alan_Ball,1.0,0.7878495454788208
Alan_Ball,known,0052.jpg,Alan_Ball,1.0,0.7068634629249573
Alan_Ball,known,0053.jpg,Alan_Ball,1.0,0.6766868829727173
Alan_Ball,known,0054.jpg,Alan_Ball,1.0,0.7672201991081238
Alan_Ball,known,0055.jpg,Alan_Ball,1.0,0.8359270691871643
Alan_Ball,known,0056.jpg,Alan_Ball,1.0,0.7628106474876404
Alan_Ball,known,0057.jpg,Alan_Ball,1.0,0.6685183644294739
Alan_Ball,known,0058.jpg,Alan_Ball,1.0,0.6589884161949158
Alan_Ball,known,0059.jpg,Alan_Ball,1.0,0.7193478345870972
Alan_Ball,known,0060.jpg,Alan_Ball,1.0,0.6073319911956787
Alan_Ball,known,0061.jpg,Alan_Ball,1.0,0.7411977648735046
Alan_Ball,known,0062.jpg,Alan_Ball,1.0,0.6934585571289062
Alan_Ball,known,0063.jpg,Alan_Ball,1.0,0.6783977150917053
Alan_Ball,known,0064.jpg,Alan_Ball,1.0,0.7169656157493591
Alan_Ball,known,0065.jpg,Alan_Ball,1.0,0.6739723086357117
Alan_Ball,known,0066.jpg,Alan_Ball,1.0,0.7094920873641968
Alan_Ball,known,0067.jpg,Alan_Ball,1.0,0.8089043498039246
Alan_Ball,known,0068.jpg,Alan_Ball,1.0,0.6647974252700806
Alan_Ball,known,0069.jpg,Alan_Ball,1.0,0.9515424966812134
Alan_Ball,known,0070.jpg,Alan_Ball,1.0,0.593748152256012
Alan_Ball,known,0071.jpg,Alan_Ball,1.0,0.619489312171936
Alan_Ball,known,0072.jpg,Alan_Ball,1.0,0.6710781455039978
Alan_Ball,known,0073.jpg,Alan_Ball,1.0,0.7117980718612671
Alan_Ball,known,0074.jpg,Alan_Ball,1.0,0.7325700521469116
Alan_Ball,known,0075.jpg,Marina_Silva,1.0,1.2219302654266357
Alan_Ball,known,0076.jpg,Marina_Silva,1.0,1.2110073566436768
Alan_Ball,known,0077.jpg,Manuel_Pellegrini,0.6666666666666666,1.229191541671753
Alan_Ball,known,0078.jpg,Marina_Silva,1.0,1.2211558818817139
Alan_Ball,known,0079.jpg,Alan_Ball,1.0,0.8300619721412659
Alan_Ball,known,0080.jpg,Alan_Ball,1.0,0.8111204504966736
Alan_Ball,known,0081.jpg,Alan_Ball,1.0,0.6827751994132996
Alan_Ball,known,0082.jpg,Alan_Ball,1.0,0.7892235517501831
Alan_Ball,known,0083.jpg,Alan_Ball,1.0,0.7776349782943726
Alan_Ball,known,0084.jpg,Alan_Ball,1.0,0.7767360806465149
Alan_Ball,known,0085.jpg,Alan_Ball,1.0,0.578620433807373
Alan_Ball,known,0086.jpg,Alan_Ball,1.0,0.7320840358734131
Alan_Ball,known,0087.jpg,Alan_Ball,1.0,0.6837206482887268
Alan_Ball,known,0088.jpg,Alan_Ball,1.0,0.765476644039154
Alan_Ball,known,0089.jpg,Alan_Ball,1.0,0.6998623609542847
Alan_Ball,known,0090.jpg,Alan_Ball,1.0,0.8148409128189087
Alan_Ball,known,0091.jpg,Alan_Ball,1.0,0.6878543496131897
Alan_Ball,known,0092.jpg,Marina_Silva,0.6666666666666666,1.2580244541168213
Alan_Ball,known,0093.jpg,Manuel_Pellegrini,0.6666666666666666,1.2670148611068726
Alan_Ball,known,0094.jpg,Marina_Silva,1.0,1.2635834217071533
Alan_Ball,known,0095.jpg,Marina_Silva,1.0,1.2654565572738647
Alan_Ball,known,0096.jpg,Marina_Silva,1.0,1.2591769695281982
Alan_Ball,known,0097.jpg,Alan_Ball,1.0,0.7934887409210205
Alan_Ball,known,0098.jpg,Alan_Ball,1.0,0.7887386083602905
Alan_Ball,known,0099.jpg,Alan_Ball,1.0,0.8282262086868286
Alan_Ball,known,0100.jpg,Alan_Ball,1.0,0.8241665363311768
Alan_Ball,known,0101.jpg,Marina_Silva,0.6666666666666666,1.243801474571228
Alan_Ball,known,0102.jpg,Marina_Silva,1.0,1.2132236957550049
Alan_Ball,known,0103.jpg,Alan_Ball,1.0,0.7839415669441223
Alan_Ball,known,0104.jpg,Alan_Ball,1.0,0.6900520920753479
Alan_Ball,known,0105.jpg,Alan_Ball,1.0,0.7187009453773499
Alan_Ball,known,0106.jpg,Alan_Ball,1.0,0.8263351917266846
Alan_Ball,known,0107.jpg,Alan_Ball,1.0,0.7245567440986633
Alan_Ball,known,0108.jpg,Alan_Ball,1.0,0.7519555687904358
Alan_Ball,known,0109.jpg,Alan_Ball,1.0,0.5990743041038513
Alan_Ball,known,0110.jpg,Alan_Ball,1.0,0.6532136797904968
Alan_Ball,known,0111.jpg,Alan_Ball,1.0,0.7783057689666748
Alan_Ball,known,0112.jpg,Alan_Ball,1.0,0.7628487944602966
Alan_Ball,known,0113.jpg,Alan_Ball,1.0,0.6583300828933716
Alan_Ball,known,0114.jpg,Alan_Ball,1.0,0.6549197435379028
Alan_Ball,known,0115.jpg,Alan_Ball,1.0,0.7458433508872986
Alan_Ball,known,0116.jpg,Alan_Ball,1.0,0.6608774662017822
Alan_Ball,known,0117.jpg,Alan_Ball,1.0,0.6880443096160889
Alan_Ball,known,0118.jpg,Alan_Ball,1.0,0.7271806001663208
Alan_Ball,known,0119.jpg,Alan_Ball,1.0,0.6749837398529053
Alan_Ball,known,0120.jpg,Alan_Ball,1.0,0.7889606952667236
Alan_Ball,known,0121.jpg,Alan_Ball,1.0,0.6415120959281921
Alan_Ball,known,0122.jpg,Alan_Ball,1.0,0.6747736930847168
Alan_Ball,known,0123.jpg,Alan_Ball,1.0,0.8277069926261902
Alan_Ball,known,0124.jpg,Alan_Ball,1.0,0.839350700378418
Alan_Ball,known,0125.jpg,Alan_Ball,1.0,0.7444572448730469
Alan_Ball,known,0126.jpg,Alan_Ball,1.0,0.7926536798477173
Alan_Ball,known,0127.jpg,Alan_Ball,1.0,0.7499694228172302
Alan_Ball,known,0128.jpg,Alan_Ball,1.0,0.7082117795944214
Alan_Ball,known,0129.jpg,Alan_Ball,1.0,0.7286778688430786
Alan_Ball,known,0130.jpg,Alan_Ball,1.0,0.8237552642822266
Alan_Ball,known,0131.jpg,Alan_Ball,1.0,0.6689354777336121
Alan_Ball,known,0132.jpg,Alan_Ball,1.0,0.7306202054023743
Alan_Ball,known,0133.jpg,Alan_Ball,1.0,0.6833563446998596
Alan_Ball,known,0134.jpg,Alan_Ball,1.0,0.7271034121513367
Alan_Ball,known,0135.jpg,Alan_Ball,1.0,0.7360460162162781
Alan_Ball,known,0136.jpg,Alan_Ball,1.0,0.7342180013656616
Alan_Ball,known,0137.jpg,Alan_Ball,1.0,0.7931022644042969
Alan_Ball,known,0138.jpg,Alan_Ball,1.0,0.800362229347229
Alan_Ball,known,0139.jpg,Alan_Ball,1.0,0.8027181625366211
Alan_Ball,known,0140.jpg,Alan_Ball,1.0,0.8090957403182983
Alan_Ball,known,0141.jpg,Alan_Ball,1.0,0.8432713747024536
Alan_Ball,known,0142.jpg,Alan_Ball,1.0,0.9012255668640137
Alan_Ball,known,0143.jpg,Alan_Ball,1.0,0.6260616183280945
Alan_Ball,known,0144.jpg,Alan_Ball,1.0,0.7295203804969788
Alan_Ball,known,0145.jpg,Alan_Ball,1.0,0.820890486240387
Alan_Ball,known,0146.jpg,Alan_Ball,1.0,0.646710991859436
Alan_Ball,known,0147.jpg,Alan_Ball,1.0,0.7742723822593689
Alan_Ball,known,0148.jpg,Alan_Ball,1.0,0.814117968082428
Alan_Ball,known,0149.jpg,Alan_Ball,1.0,0.7929442524909973
Alan_Ball,known,0150.jpg,Alan_Ball,1.0,0.7730964422225952
Alan_Ball,known,0151.jpg,Alan_Ball,1.0,0.7801786065101624
Alan_Ball,known,0152.jpg,Alan_Ball,1.0,0.6104399561882019
Alan_Ball,known,0153.jpg,Alan_Ball,1.0,0.7362164855003357
Alan_Ball,known,0154.jpg,Alan_Ball,1.0,0.6860971450805664
Alan_Ball,known,0155.jpg,Alan_Ball,1.0,1.0170525312423706
Alan_Ball,known,0156.jpg,Marina_Silva,1.0,1.2565815448760986
Alan_Ball,known,0157.jpg,Alan_Ball,1.0,0.6871104836463928
Alan_Ball,known,0158.jpg,Alan_Ball,1.0,0.7508805990219116
Alan_Ball,known,0159.jpg,Alan_Ball,1.0,0.7881052494049072
Alan_Ball,known,0160.jpg,Alan_Ball,1.0,0.6575854420661926
Alan_Ball,known,0161.jpg,Alan_Ball,1.0,0.6375936269760132
Alan_Ball,known,0162.jpg,Alan_Ball,1.0,0.7057668566703796
Alan_Ball,known,0163.jpg,Alan_Ball,1.0,0.6763340830802917
Alan_Ball,known,0164.jpg,Alan_Ball,1.0,0.7569369077682495
Alan_Ball,known,0165.jpg,Alan_Ball,1.0,0.6385082006454468
Alan_Ball,known,0166.jpg,Alan_Ball,1.0,0.6991219520568848
Alan_Ball,known,0167.jpg,Alan_Ball,1.0,0.6374022960662842
Alan_Ball,known,0168.jpg,Alan_Ball,1.0,0.7385059595108032
Alan_Ball,known,0169.jpg,Alan_Ball,1.0,0.678661048412323
Alan_Ball,known,0170.jpg,Alan_Ball,1.0,0.7172402143478394
Alan_Ball,known,0171.jpg,Alan_Ball,1.0,0.7727035880088806
Alan_Ball,known,0172.jpg,Alan_Ball,1.0,0.6110130548477173
Alan_Ball,known,0173.jpg,Alan_Ball,1.0,0.7500186562538147
Alan_Ball,known,0174.jpg,Alan_Ball,1.0,0.9252951741218567
Alan_Ball,known,0175.jpg,Alan_Ball,1.0,0.8045347332954407
Alan_Ball,known,0176.jpg,Alan_Ball,1.0,0.6617685556411743
Alan_Ball,known,0177.jpg,Alan_Ball,1.0,0.6981646418571472
Alan_Ball,known,0178.jpg,Alan_Ball,1.0,0.6951192617416382
Alan_Ball,known,0179.jpg,Alan_Ball,1.0,1.011250615119934
Alan_Ball,known,0180.jpg,Alan_Ball,1.0,0.6487106680870056
Alan_Ball,known,0181.jpg,Alan_Ball,1.0,0.7562029361724854
Alan_Ball,known,0182.jpg,Alan_Ball,1.0,0.6186192035675049
Alan_Ball,known,0183.jpg,Alan_Ball,1.0,0.7049304842948914
Alan_Ball,known,0184.jpg,Alan_Ball,1.0,0.8937329053878784
Alan_Ball,known,0185.jpg,Alan_Ball,1.0,0.6799574494361877
Alan_Ball,known,0186.jpg,Alan_Ball,1.0,0.66486656665802
Alan_Ball,known,0187.jpg,Alan_Ball,1.0,0.7736432552337646
Alan_Ball,known,0188.jpg,Alan_Ball,1.0,0.8136575818061829
Alan_Ball,known,0189.jpg,Alan_Ball,1.0,0.6642161011695862
Alan_Ball,known,0190.jpg,Alan_Ball,1.0,0.7728137373924255
Alan_Ball,known,0191.jpg,Alan_Ball,1.0,0.7376018166542053
Alan_Ball,known,0192.jpg,Alan_Ball,1.0,0.7042871117591858
Alan_Ball,known,0193.jpg,Alan_Ball,1.0,0.7813701629638672
Alan_Ball,known,0194.jpg,Alan_Ball,1.0,0.6859920024871826
Alan_Ball,known,0195.jpg,Alan_Ball,1.0,0.6201201677322388
Alan_Ball,known,0196.jpg,Alan_Ball,1.0,0.9753762483596802
Alan_Ball,known,0197.jpg,Alan_Ball,1.0,0.6564174890518188
Alan_Ball,known,0198.jpg,Alan_Ball,1.0,0.8089601397514343
Alan_Ball,known,0199.jpg,Alan_Ball,1.0,0.7058082818984985
Alan_Ball,known,0200.jpg,Alan_Ball,1.0,0.8606454730033875
Alan_Ball,known,0201.jpg,Alan_Ball,1.0,0.6509044766426086
Alan_Ball,known,0202.jpg,Alan_Ball,1.0,0.7295661568641663
Alan_Ball,known,0203.jpg,Alan_Ball,1.0,0.7922998070716858
Alan_Ball,known,0204.jpg,Alan_Ball,1.0,0.6568971276283264
Alan_Ball,known,0205.jpg,Alan_Ball,1.0,0.7624009251594543
Alan_Ball,known,0206.jpg,Alan_Ball,1.0,0.5975952744483948
Alan_Ball,known,0207.jpg,Alan_Ball,1.0,0.6675558686256409
Alan_Ball,known,0208.jpg,Alan_Ball,1.0,0.6966670751571655
Alan_Ball,known,0209.jpg,Alan_Ball,1.0,0.6455885171890259
Alan_Ball,known,0210.jpg,Alan_Ball,1.0,0.7525097131729126
Alan_Ball,known,0211.jpg,Alan_Ball,1.0,0.684032142162323
Alan_Ball,known,0212.jpg,Alan_Ball,1.0,0.7838864922523499
Alan_Ball,known,0213.jpg,Alan_Ball,1.0,0.646275520324707
Alan_Ball,known,0214.jpg,Alan_Ball,1.0,0.7332033514976501
Alan_Ball,known,0215.jpg,Alan_Ball,1.0,0.794453501701355
Alan_Ball,known,0216.jpg,Alan_Ball,1.0,0.6097400784492493
Alan_Ball,known,0217.jpg,Alan_Ball,1.0,0.7536447644233704
Alan_Ball,known,0218.jpg,Marina_Silva,1.0,1.2252700328826904
Alan_Ball,known,0219.jpg,Marina_Silva,1.0,1.2373963594436646
Alan_Ball,known,0220.jpg,Marina_Silva,1.0,1.227840781211853
Alan_Ball,known,0221.jpg,Marina_Silva,1.0,1.2361780405044556
Alan_Ball,known,0222.jpg,Marina_Silva,1.0,1.2194503545761108
Alan_Ball,known,0223.jpg,Alan_Ball,1.0,0.7598235011100769
Alan_Ball,known,0224.jpg,Alan_Ball,1.0,0.7592137455940247
Alan_Ball,known,0225.jpg,Alan_Ball,1.0,0.6869838833808899
Alan_Ball,known,0226.jpg,Alan_Ball,1.0,0.9332824945449829
Alan_Ball,known,0227.jpg,Alan_Ball,1.0,0.7598676085472107
Alan_Ball,known,0228.jpg,Alan_Ball,1.0,0.7913044095039368
Alan_Ball,known,0229.jpg,Alan_Ball,1.0,0.8350402116775513
Alan_Ball,known,0230.jpg,Alan_Ball,1.0,0.7408513426780701
Alan_Ball,known,0231.jpg,Alan_Ball,1.0,0.7493339776992798
Alan_Ball,known,0232.jpg,Alan_Ball,1.0,0.7962594628334045
Alan_Ball,known,0233.jpg,Alan_Ball,1.0,0.693859875202179
Alan_Ball,known,0234.jpg,Alan_Ball,1.0,0.813724160194397
Alan_Ball,known,0235.jpg,Alan_Ball,1.0,0.771567165851593
Alan_Ball,known,0236.jpg,Alan_Ball,1.0,0.8033135533332825
Alan_Ball,known,0237.jpg,Alan_Ball,1.0,0.7215345501899719
Alan_Ball,known,0238.jpg,Alan_Ball,1.0,0.7027560472488403
Alan_Ball,known,0239.jpg,Alan_Ball,1.0,0.7962421178817749
Alan_Ball,known,0240.jpg,Alan_Ball,1.0,1.0450998544692993
Alan_Ball,known,0241.jpg,Alan_Ball,1.0,0.6877235770225525
Alan_Ball,known,0242.jpg,Alan_Ball,1.0,0.7122836112976074
Alan_Ball,known,0243.jpg,Alan_Ball,1.0,0.7680951952934265
Alan_Ball,known,0244.jpg,Alan_Ball,1.0,0.7457080483436584
Alan_Ball,known,0245.jpg,Alan_Ball,1.0,0.6188978552818298
Alan_Ball,known,0246.jpg,Alan_Ball,1.0,0.7312744855880737
Alan_Ball,known,0247.jpg,Alan_Ball,1.0,0.8059661984443665
Alan_Ball,known,0248.jpg,Alan_Ball,1.0,0.663652777671814
Alan_Ball,known,0249.jpg,Alan_Ball,1.0,0.7458950877189636
Alan_Ball,known,0250.jpg,Alan_Ball,1.0,0.810785174369812
Alan_Ball,known,0251.jpg,Alan_Ball,1.0,0.6815095543861389
Alan_Ball,known,0252.jpg,Alan_Ball,1.0,0.67006516456604
Alan_Ball,known,0253.jpg,Alan_Ball,1.0,0.7816034555435181
Alan_Ball,known,0254.jpg,Alan_Ball,1.0,0.7410092949867249
Alan_Ball,known,0255.jpg,Alan_Ball,1.0,0.7350740432739258
Alan_Ball,known,0256.jpg,Alan_Ball,1.0,0.7749274373054504
Alan_Ball,known,0257.jpg,Alan_Ball,1.0,0.7445349097251892
Alan_Ball,known,0258.jpg,Alan_Ball,1.0,0.7108101844787598
Alan_Ball,known,0259.jpg,Alan_Ball,1.0,0.6933380365371704
Alan_Ball,known,0260.jpg,Alan_Ball,1.0,0.7054933309555054
Alan_Ball,known,0261.jpg,Alan_Ball,1.0,0.6771796941757202
Alan_Ball,known,0262.jpg,Alan_Ball,1.0,0.6554663777351379
Alan_Ball,known,0263.jpg,Alan_Ball,1.0,0.8206281661987305
Alan_Ball,known,0264.jpg,Alan_Ball,1.0,0.827989935874939
Alan_Ball,known,0265.jpg,Alan_Ball,1.0,0.6517593860626221
Alan_Ball,known,0266.jpg,Alan_Ball,1.0,0.7727162837982178
Alan_Ball,known,0267.jpg,Alan_Ball,1.0,0.8224414587020874
Alan_Ball,known,0268.jpg,Alan_Ball,1.0,0.753921389579773
Alan_Ball,known,0269.jpg,Alan_Ball,1.0,0.8291317820549011
Alan_Ball,known,0270.jpg,Alan_Ball,1.0,0.6721720695495605
Alan_Ball,known,0271.jpg,Alan_Ball,1.0,0.7093087434768677
Alan_Ball,known,0272.jpg,Alan_Ball,1.0,0.7370675206184387
Alan_Ball,known,0273.jpg,Alan_Ball,1.0,0.8206811547279358
Alan_Ball,known,0274.jpg,Alan_Ball,1.0,0.8341434001922607
Alan_Ball,known,0275.jpg,Alan_Ball,1.0,0.7821824550628662
Alan_Ball,known,0276.jpg,Alan_Ball,1.0,0.7008042931556702
Alan_Ball,known,0277.jpg,Alan_Ball,1.0,0.6843332648277283
Alan_Ball,known,0278.jpg,Alan_Ball,1.0,0.6599504351615906
Alan_Ball,known,0279.jpg,Alan_Ball,1.0,0.6354212164878845
Alan_Ball,known,0280.jpg,Alan_Ball,1.0,0.6409945487976074
Alan_Ball,known,0281.jpg,Alan_Ball,1.0,0.6484755873680115
Alan_Ball,known,0282.jpg,Alan_Ball,1.0,0.6756010055541992
Alan_Ball,known,0283.jpg,Alan_Ball,1.0,0.6313156485557556
Alan_Ball,known,0284.jpg,Alan_Ball,1.0,0.878281831741333
Alan_Ball,known,0285.jpg,Alan_Ball,1.0,0.5867966413497925
Alan_Ball,known,0286.jpg,Alan_Ball,1.0,0.7169334888458252
Alan_Ball,known,0287.jpg,Alan_Ball,1.0,0.8924451470375061
Alan_Ball,known,0288.jpg,Alan_Ball,1.0,0.8297829031944275
Alan_Ball,known,0289.jpg,Alan_Ball,1.0,0.7017557621002197
Alan_Ball,known,0290.jpg,Alan_Ball,1.0,0.6680169105529785
Alan_Ball,known,0291.jpg,Alan_Ball,1.0,0.7179186940193176
Alan_Ball,known,0292.jpg,Alan_Ball,1.0,0.7612963318824768
Alan_Ball,known,0293.jpg,Alan_Ball,1.0,0.6313680410385132
Alan_Ball,known,0294.jpg,Alan_Ball,1.0,0.8336670398712158
Alan_Ball,known,0295.jpg,Alan_Ball,1.0,0.7254588603973389
Alan_Ball,known,0296.jpg,Alan_Ball,1.0,0.7788833379745483
Alan_Ball,known,0297.jpg,Alan_Ball,1.0,0.7326476573944092
Alan_Ball,known,0298.jpg,Alan_Ball,1.0,0.597878634929657
Alan_Ball,known,0299.jpg,Alan_Ball,1.0,0.8024953603744507
Alan_Ball,known,0300.jpg,Alan_Ball,1.0,0.6297366619110107
Alan_Ball,known,0301.jpg,Alan_Ball,1.0,0.5875253677368164
Alan_Ball,known,0302.jpg,Alan_Ball,1.0,0.7857756018638611
Alan_Ball,known,0303.jpg,Alan_Ball,1.0,0.8761615753173828
Alan_Ball,known,0304.jpg,Alan_Ball,1.0,0.7604680061340332
Alan_Ball,known,0305.jpg,Alan_Ball,1.0,0.8008962273597717
Alan_Ball,known,0306.jpg,Alan_Ball,1.0,0.8304738402366638
Alan_Ball,known,0307.jpg,Alan_Ball,1.0,0.6766373515129089
Alan_Ball,known,0308.jpg,Alan_Ball,1.0,0.6525829434394836
Alan_Ball,known,0309.jpg,Alan_Ball,1.0,0.6249284744262695
Alan_Ball,known,0310.jpg,Alan_Ball,1.0,0.7820293307304382
Alan_Ball,known,0311.jpg,Alan_Ball,1.0,0.8627092242240906
Alan_Ball,known,0312.jpg,Alan_Ball,1.0,0.7463880181312561
Alan_Ball,known,0313.jpg,Alan_Ball,1.0,0.6752718091011047
Alan_Ball,known,0314.jpg,Alan_Ball,1.0,0.7602978944778442
Alan_Ball,known,0315.jpg,Alan_Ball,1.0,0.6260699033737183
Alan_Ball,known,0316.jpg,Alan_Ball,1.0,0.7419950366020203
Alan_Ball,known,0317.jpg,Alan_Ball,1.0,0.684607744216919
Alan_Ball,known,0318.jpg,Alan_Ball,1.0,0.6695165038108826
Alan_Ball,known,0319.jpg,Alan_Ball,1.0,0.8032023906707764
Alan_Ball,known,0320.jpg,Alan_Ball,1.0,0.5913523435592651
Alan_Ball,known,0321.jpg,Alan_Ball,1.0,0.7657840847969055
Alan_Ball,known,0322.jpg,Alan_Ball,1.0,0.8241548538208008
Alan_Ball,known,0323.jpg,Alan_Ball,1.0,0.7271183133125305
Alan_Ball,known,0324.jpg,Alan_Ball,1.0,0.7085534930229187
Alan_Ball,known,0325.jpg,Alan_Ball,1.0,0.7055498361587524
Alan_Ball,known,0326.jpg,Alan_Ball,1.0,0.7047892808914185
Alan_Ball,known,0327.jpg,Alan_Ball,1.0,0.6956974267959595
Alan_Ball,known,0328.jpg,Alan_Ball,1.0,0.5479044914245605
Alan_Ball,known,0329.jpg,Alan_Ball,1.0,0.6829655766487122
Alan_Ball,known,0330.jpg,Alan_Ball,1.0,0.7352423071861267
Alan_Ball,known,0331.jpg,Alan_Ball,1.0,0.6499029397964478
Alan_Ball,known,0332.jpg,Alan_Ball,1.0,0.7316808700561523
Alan_Ball,known,0333.jpg,Alan_Ball,1.0,0.8115876913070679
Alan_Ball,known,0334.jpg,Alan_Ball,1.0,0.7118846774101257
Alan_Ball,known,0335.jpg,Alan_Ball,1.0,0.7532240152359009
Alan_Ball,known,0336.jpg,Alan_Ball,1.0,0.7694076895713806
Alan_Ball,known,0337.jpg,Alan_Ball,1.0,0.5919322371482849
Alan_Ball,known,0338.jpg,Alan_Ball,1.0,0.9619792699813843
Alan_Ball,known,0339.jpg,Alan_Ball,1.0,0.6654703617095947
Alan_Ball,known,0340.jpg,Alan_Ball,1.0,0.7123385667800903
Alan_Ball,known,0341.jpg,Alan_Ball,1.0,0.6749626398086548
Alan_Ball,known,0342.jpg,Alan_Ball,1.0,0.5783113241195679
Alan_Ball,known,0343.jpg,Alan_Ball,1.0,0.6796797513961792
Alan_Ball,known,0344.jpg,Alan_Ball,1.0,0.6893196105957031
Alan_Ball,known,0345.jpg,Alan_Ball,1.0,0.8504098653793335
Alan_Ball,known,0346.jpg,Alan_Ball,1.0,0.676917314529419
Alan_Ball,known,0347.jpg,Alan_Ball,1.0,0.6563926339149475
Alan_Ball,known,0348.jpg,Alan_Ball,1.0,0.65160071849823
Alan_Ball,known,0349.jpg,Alan_Ball,1.0,0.7180581092834473
Alan_Ball,known,0350.jpg,Alan_Ball,1.0,0.7612628936767578
Alan_Ball,known,0351.jpg,Alan_Ball,1.0,0.6877222657203674
Alan_Ball,known,0352.jpg,Alan_Ball,1.0,0.8443701863288879
Alan_Ball,known,0353.jpg,Alan_Ball,1.0,0.8390353918075562
Alan_Ball,known,0354.jpg,Alan_Ball,1.0,0.8566426038742065
Alan_Ball,known,0355.jpg,Alan_Ball,1.0,0.743672788143158
Alan_Ball,known,0356.jpg,Alan_Ball,1.0,0.747054934501648
Alan_Ball,known,0357.jpg,Alan_Ball,1.0,0.7238416075706482
Alan_Ball,known,0358.jpg,Alan_Ball,1.0,0.7864416241645813
Alan_Ball,known,0359.jpg,Alan_Ball,1.0,0.6888704299926758
Alan_Ball,known,0360.jpg,Alan_Ball,1.0,0.6175015568733215
Alan_Ball,known,0361.jpg,Alan_Ball,1.0,0.8011020421981812
Alan_Ball,known,0362.jpg,Alan_Ball,1.0,0.7942774295806885
Alan_Ball,known,0363.jpg,Alan_Ball,1.0,0.9073244333267212
Alan_Ball,known,0364.jpg,Alan_Ball,1.0,0.8897696137428284
Alan_Ball,known,0365.jpg,Alan_Ball,1.0,0.7495056390762329
Alan_Ball,known,0366.jpg,Alan_Ball,1.0,0.8810615539550781
Alan_Ball,known,0367.jpg,Alan_Ball,1.0,0.6907746195793152
Alan_Ball,known,0368.jpg,Alan_Ball,1.0,0.6740867495536804
Alan_Ball,known,0369.jpg,Alan_Ball,1.0,0.9174262285232544
Alan_Ball,known,0370.jpg,Alan_Ball,1.0,0.8430900573730469
Alan_Ball,known,0371.jpg,Alan_Ball,1.0,0.7259661555290222
Alan_Ball,known,0372.jpg,Alan_Ball,1.0,0.7539820075035095
Alan_Ball,known,0373.jpg,Alan_Ball,1.0,0.7330014109611511
Alan_Ball,known,0374.jpg,Alan_Ball,1.0,0.7319430112838745
Alan_Ball,known,0375.jpg,Alan_Ball,1.0,0.6648960709571838
Alan_Ball,known,0376.jpg,Alan_Ball,1.0,0.7903661727905273
Alan_Ball,known,0377.jpg,Alan_Ball,1.0,0.782936692237854
Alan_Ball,known,0378.jpg,Alan_Ball,1.0,0.5844982266426086
Alan_Ball,known,0379.jpg,Alan_Ball,1.0,0.8666588068008423
Alan_Ball,known,0380.jpg,Alan_Ball,1.0,0.6397752165794373
Alan_Ball,known,0381.jpg,Alan_Ball,1.0,0.7440391182899475
Alan_Ball,known,0382.jpg,Alan_Ball,1.0,0.6714505553245544
Alan_Ball,known,0383.jpg,Alan_Ball,1.0,0.9321907162666321
Alan_Ball,known,0384.jpg,Alan_Ball,1.0,0.8207606077194214
Alan_Ball,known,0385.jpg,Alan_Ball,1.0,0.7699063420295715
Alan_Ball,known,0386.jpg,Alan_Ball,1.0,0.7285372018814087
Alan_Ball,known,0387.jpg,Alan_Ball,1.0,0.6178768277168274
Alan_Ball,known,0388.jpg,Alan_Ball,1.0,0.7174804210662842
Alan_Ball,known,0389.jpg,Alan_Ball,1.0,0.6713957786560059
Alan_Ball,known,0390.jpg,Alan_Ball,1.0,0.6164531707763672
Alan_Ball,known,0391.jpg,Alan_Ball,1.0,0.6660252213478088
Alan_Ball,known,0392.jpg,Alan_Ball,1.0,0.6639596223831177
Alan_Ball,known,0393.jpg,Alan_Ball,1.0,0.7459884285926819
Alan_Ball,known,0394.jpg,Alan_Ball,1.0,0.7595473527908325
Alan_Ball,known,0395.jpg,Alan_Ball,1.0,0.7520180940628052
Alan_Ball,known,0396.jpg,Alan_Ball,1.0,0.8097724318504333
Alan_Ball,known,0397.jpg,Alan_Ball,1.0,0.7030596137046814
Alan_Ball,known,0398.jpg,Alan_Ball,1.0,0.6791998744010925
Alan_Ball,known,0399.jpg,Alan_Ball,1.0,0.8560651540756226
Alan_Ball,known,0400.jpg,Alan_Ball,1.0,0.8836221694946289
Alan_Ball,known,0401.jpg,Alan_Ball,1.0,0.8037515878677368
Alan_Ball,known,0402.jpg,Alan_Ball,1.0,0.7698133587837219
Alan_Ball,known,0403.jpg,Alan_Ball,1.0,0.6855520606040955
Alan_Ball,known,0404.jpg,Alan_Ball,1.0,0.7243043780326843
Alan_Ball,known,0405.jpg,Alan_Ball,1.0,0.6997117400169373
Alan_Ball,known,0406.jpg,Alan_Ball,1.0,0.7178944945335388
Alan_Ball,known,0407.jpg,Alan_Ball,1.0,0.7242169976234436
Alan_Ball,known,0408.jpg,Alan_Ball,1.0,0.7133720517158508
Alan_Ball,known,0409.jpg,Alan_Ball,1.0,0.6724053621292114
Alan_Ball,known,0410.jpg,Alan_Ball,1.0,0.946428656578064
Alan_Ball,known,0411.jpg,Alan_Ball,1.0,0.8676920533180237
Alan_Ball,known,0412.jpg,Alan_Ball,1.0,0.7016966342926025
Alan_Ball,known,0413.jpg,Alan_Ball,1.0,0.768317699432373
Alan_Ball,known,0414.jpg,Alan_Ball,1.0,0.9480741620063782
Alan_Ball,known,0415.jpg,Alan_Ball,1.0,0.8020085692405701
Alan_Ball,known,0416.jpg,Alan_Ball,1.0,0.5962178707122803
Alan_Ball,known,0417.jpg,Alan_Ball,1.0,0.7760438919067383
Alan_Ball,known,0418.jpg,Alan_Ball,1.0,0.644074022769928
Alan_Ball,known,0419.jpg,Alan_Ball,1.0,0.6829811334609985
Alan_Ball,known,0420.jpg,Alan_Ball,1.0,0.6977190375328064
Alan_Ball,known,0421.jpg,Alan_Ball,1.0,0.8016175031661987
Alan_Ball,known,0422.jpg,Alan_Ball,1.0,0.7204756140708923
Alan_Ball,known,0423.jpg,Alan_Ball,1.0,0.6523945927619934
Alan_Ball,known,0424.jpg,Alan_Ball,1.0,0.8662253022193909
Alan_Ball,known,0425.jpg,Alan_Ball,1.0,0.6650266647338867
Alan_Ball,known,0426.jpg,Alan_Ball,1.0,0.7373707294464111
Alan_Ball,known,0427.jpg,Alan_Ball,1.0,0.7065495252609253
Alan_Ball,known,0428.jpg,Marina_Silva,0.6666666666666666,1.2271944284439087
Alan_Ball,known,0429.jpg,Marina_Silva,1.0,1.215247631072998
Alan_Ball,known,0430.jpg,Marina_Silva,1.0,1.2232403755187988
Alan_Ball,known,0431.jpg,Marina_Silva,1.0,1.2112669944763184
Alan_Ball,known,0432.jpg,Marina_Silva,1.0,1.2217981815338135
Manuel_Pellegrini,known,0001.jpg,Manuel_Pellegrini,1.0,0.6835793256759644
Manuel_Pellegrini,known,0002.jpg,Manuel_Pellegrini,1.0,0.7260534763336182
Manuel_Pellegrini,known,0003.jpg,Manuel_Pellegrini,1.0,0.6009582877159119
Manuel_Pellegrini,known,0004.jpg,Manuel_Pellegrini,1.0,0.7080312371253967
Manuel_Pellegrini,known,0005.jpg,Manuel_Pellegrini,1.0,0.654895007610321
Manuel_Pellegrini,known,0006.jpg,Manuel_Pellegrini,1.0,0.676583468914032
Manuel_Pellegrini,known,0007.jpg,Manuel_Pellegrini,1.0,0.6345770955085754
Manuel_Pellegrini,known,0008.jpg,Manuel_Pellegrini,1.0,0.7240449786186218
Manuel_Pellegrini,known,0009.jpg,Manuel_Pellegrini,1.0,0.729910135269165
Manuel_Pellegrini,known,0010.jpg,Manuel_Pellegrini,1.0,0.6577509641647339
Manuel_Pellegrini,known,0011.jpg,Manuel_Pellegrini,1.0,0.6327266693115234
Manuel_Pellegrini,known,0012.jpg,Manuel_Pellegrini,1.0,0.6249376535415649
Manuel_Pellegrini,known,0013.jpg,Manuel_Pellegrini,1.0,0.664067268371582
Manuel_Pellegrini,known,0014.jpg,Manuel_Pellegrini,1.0,0.6902296543121338
Manuel_Pellegrini,known,0015.jpg,Manuel_Pellegrini,1.0,0.7108602523803711
Manuel_Pellegrini,known,0016.jpg,Manuel_Pellegrini,1.0,0.6995124220848083
Manuel_Pellegrini,known,0017.jpg,Manuel_Pellegrini,1.0,0.6433005928993225
Manuel_Pellegrini,known,0018.jpg,Manuel_Pellegrini,1.0,0.689068078994751
Manuel_Pellegrini,known,0019.jpg,Manuel_Pellegrini,1.0,0.7233050465583801
Manuel_Pellegrini,known,0020.jpg,Manuel_Pellegrini,1.0,0.6914709806442261
Manuel_Pellegrini,known,0021.jpg,Manuel_Pellegrini,1.0,0.7247321605682373
Manuel_Pellegrini,known,0022.jpg,Manuel_Pellegrini,1.0,0.6884957551956177
Manuel_Pellegrini,known,0023.jpg,Manuel_Pellegrini,1.0,0.6053679585456848
Manuel_Pellegrini,known,0024.jpg,Manuel_Pellegrini,1.0,0.602446973323822
Manuel_Pellegrini,known,0025.jpg,Manuel_Pellegrini,1.0,0.6370563507080078
Manuel_Pellegrini,known,0026.jpg,Manuel_Pellegrini,1.0,0.7620494365692139
Manuel_Pellegrini,known,0027.jpg,Manuel_Pellegrini,1.0,0.6984527707099915
Manuel_Pellegrini,known,0028.jpg,Manuel_Pellegrini,1.0,0.59554123878479
Manuel_Pellegrini,known,0029.jpg,Manuel_Pellegrini,1.0,0.7146896719932556
Manuel_Pellegrini,known,0030.jpg,Manuel_Pellegrini,1.0,0.5918315052986145
Manuel_Pellegrini,known,0031.jpg,Manuel_Pellegrini,1.0,0.6336575746536255
Manuel_Pellegrini,known,0032.jpg,Manuel_Pellegrini,1.0,0.7167496085166931
Manuel_Pellegrini,known,0033.jpg,Manuel_Pellegrini,1.0,0.6773303151130676
Manuel_Pellegrini,known,0034.jpg,Manuel_Pellegrini,1.0,0.5532730221748352
Manuel_Pellegrini,known,0035.jpg,Manuel_Pellegrini,1.0,0.705151379108429
Manuel_Pellegrini,known,0036.jpg,Manuel_Pellegrini,1.0,0.6920484304428101
Manuel_Pellegrini,known,0037.jpg,Manuel_Pellegrini,1.0,0.7297260165214539
Manuel_Pellegrini,known,0038.jpg,Manuel_Pellegrini,1.0,0.6658090353012085
Manuel_Pellegrini,known,0039.jpg,Manuel_Pellegrini,1.0,0.7368189692497253
Manuel_Pellegrini,known,0040.jpg,Manuel_Pellegrini,1.0,0.615119457244873
Manuel_Pellegrini,known,0041.jpg,Manuel_Pellegrini,1.0,0.7800159454345703
Manuel_Pellegrini,known,0042.jpg,Manuel_Pellegrini,1.0,0.6762962937355042
Manuel_Pellegrini,known,0043.jpg,Manuel_Pellegrini,1.0,0.6884804964065552
Manuel_Pellegrini,known,0044.jpg,Manuel_Pellegrini,1.0,0.6634204387664795
Manuel_Pellegrini,known,0045.jpg,Manuel_Pellegrini,1.0,0.6700370907783508
Manuel_Pellegrini,known,0046.jpg,Manuel_Pellegrini,1.0,0.6746057271957397
Manuel_Pellegrini,known,0047.jpg,Manuel_Pellegrini,1.0,0.5277586579322815
Manuel_Pellegrini,known,0048.jpg,Manuel_Pellegrini,1.0,0.7064040303230286
Manuel_Pellegrini,known,0049.jpg,Manuel_Pellegrini,1.0,0.6363198161125183
Manuel_Pellegrini,known,0050.jpg,Manuel_Pellegrini,1.0,0.6527828574180603
Manuel_Pellegrini,known,0051.jpg,Manuel_Pellegrini,1.0,0.7252670526504517
Manuel_Pellegrini,known,0052.jpg,Manuel_Pellegrini,1.0,0.689839780330658
Manuel_Pellegrini,known,0053.jpg,Manuel_Pellegrini,1.0,0.6475828886032104
Manuel_Pellegrini,known,0054.jpg,Manuel_Pellegrini,1.0,0.6722004413604736
Manuel_Pellegrini,known,0055.jpg,Manuel_Pellegrini,1.0,0.7161046862602234
Manuel_Pellegrini,known,0056.jpg,Manuel_Pellegrini,1.0,0.7908775806427002
Manuel_Pellegrini,known,0057.jpg,Manuel_Pellegrini,1.0,0.7116803526878357
Manuel_Pellegrini,known,0058.jpg,Manuel_Pellegrini,1.0,0.6759143471717834
Manuel_Pellegrini,known,0059.jpg,Manuel_Pellegrini,1.0,0.6033005714416504
Manuel_Pellegrini,known,0060.jpg,Manuel_Pellegrini,1.0,0.668140172958374
Manuel_Pellegrini,known,0061.jpg,Manuel_Pellegrini,1.0,0.7341052293777466
Manuel_Pellegrini,known,0062.jpg,Manuel_Pellegrini,1.0,0.6614722609519958
Manuel_Pellegrini,known,0063.jpg,Manuel_Pellegrini,1.0,0.6770862936973572
Manuel_Pellegrini,known,0064.jpg,Manuel_Pellegrini,1.0,0.6188013553619385
Manuel_Pellegrini,known,0065.jpg,Manuel_Pellegrini,1.0,0.5670869946479797
Manuel_Pellegrini,known,0066.jpg,Manuel_Pellegrini,1.0,0.7220813632011414
Manuel_Pellegrini,known,0067.jpg,Manuel_Pellegrini,1.0,0.7665518522262573
Manuel_Pellegrini,known,0068.jpg,Manuel_Pellegrini,1.0,0.6141622066497803
Manuel_Pellegrini,known,0069.jpg,Manuel_Pellegrini,1.0,0.5915038585662842
Manuel_Pellegrini,known,0070.jpg,Manuel_Pellegrini,1.0,0.5919196605682373
Manuel_Pellegrini,known,0071.jpg,Manuel_Pellegrini,1.0,0.5953026413917542
Manuel_Pellegrini,known,0072.jpg,Manuel_Pellegrini,1.0,0.6505494117736816
Manuel_Pellegrini,known,0073.jpg,Manuel_Pellegrini,1.0,0.6782687902450562
Manuel_Pellegrini,known,0074.jpg,Manuel_Pellegrini,1.0,0.7000356912612915
Manuel_Pellegrini,known,0075.jpg,Manuel_Pellegrini,1.0,0.6885647177696228
Manuel_Pellegrini,known,0076.jpg,Manuel_Pellegrini,1.0,0.6607794165611267
Manuel_Pellegrini,known,0077.jpg,Manuel_Pellegrini,1.0,0.6526150107383728
Manuel_Pellegrini,known,0078.jpg,Manuel_Pellegrini,1.0,0.7079680562019348
Manuel_Pellegrini,known,0079.jpg,Manuel_Pellegrini,1.0,0.6717665195465088
Manuel_Pellegrini,known,0080.jpg,Manuel_Pellegrini,1.0,0.794680118560791
Manuel_Pellegrini,known,0081.jpg,Manuel_Pellegrini,1.0,0.5895326733589172
Manuel_Pellegrini,known,0082.jpg,Manuel_Pellegrini,1.0,0.7079916596412659
Manuel_Pellegrini,known,0083.jpg,Manuel_Pellegrini,1.0,0.7432838678359985
Manuel_Pellegrini,known,0084.jpg,Manuel_Pellegrini,1.0,0.6678540110588074
Manuel_Pellegrini,known,0085.jpg,Manuel_Pellegrini,1.0,0.5972539782524109
Manuel_Pellegrini,known,0086.jpg,Manuel_Pellegrini,1.0,0.6787897348403931
Manuel_Pellegrini,known,0087.jpg,Manuel_Pellegrini,1.0,0.7156195044517517
Manuel_Pellegrini,known,0088.jpg,Manuel_Pellegrini,1.0,0.6817125678062439
Manuel_Pellegrini,known,0089.jpg,Manuel_Pellegrini,1.0,0.6377176642417908
Manuel_Pellegrini,known,0090.jpg,Manuel_Pellegrini,1.0,0.7183836102485657
Manuel_Pellegrini,known,0091.jpg,Manuel_Pellegrini,1.0,0.7928401231765747
Manuel_Pellegrini,known,0092.jpg,Manuel_Pellegrini,1.0,0.5548616647720337
Manuel_Pellegrini,known,0093.jpg,Manuel_Pellegrini,1.0,0.6205645203590393
Manuel_Pellegrini,known,0094.jpg,Manuel_Pellegrini,1.0,0.7775332927703857
Manuel_Pellegrini,known,0095.jpg,Manuel_Pellegrini,1.0,0.7520385980606079
Manuel_Pellegrini,known,0096.jpg,Manuel_Pellegrini,1.0,0.6914964318275452
Manuel_Pellegrini,known,0097.jpg,Manuel_Pellegrini,1.0,0.6677291393280029
Manuel_Pellegrini,known,0098.jpg,Manuel_Pellegrini,1.0,0.6512046456336975
Manuel_Pellegrini,known,0099.jpg,Manuel_Pellegrini,1.0,0.6059910655021667
Manuel_Pellegrini,known,0100.jpg,Manuel_Pellegrini,1.0,0.653200626373291
Manuel_Pellegrini,known,0101.jpg,Manuel_Pellegrini,1.0,0.6037018299102783
Manuel_Pellegrini,known,0102.jpg,Manuel_Pellegrini,1.0,0.7097682952880859
Manuel_Pellegrini,known,0103.jpg,Manuel_Pellegrini,1.0,0.8436737060546875
Manuel_Pellegrini,known,0104.jpg,Manuel_Pellegrini,1.0,0.8351086378097534
Manuel_Pellegrini,known,0105.jpg,Manuel_Pellegrini,1.0,0.7289342284202576
Manuel_Pellegrini,known,0106.jpg,Manuel_Pellegrini,1.0,0.6457791924476624
Manuel_Pellegrini,known,0107.jpg,Manuel_Pellegrini,1.0,0.5947505235671997
Manuel_Pellegrini,known,0108.jpg,Manuel_Pellegrini,1.0,0.6636258959770203
Manuel_Pellegrini,known,0109.jpg,Manuel_Pellegrini,1.0,0.679627001285553
Manuel_Pellegrini,known,0110.jpg,Manuel_Pellegrini,1.0,0.7187510132789612
Manuel_Pellegrini,known,0111.jpg,Manuel_Pellegrini,1.0,0.7215203642845154
Manuel_Pellegrini,known,0112.jpg,Manuel_Pellegrini,1.0,0.5797881484031677
Manuel_Pellegrini,known,0113.jpg,Manuel_Pellegrini,1.0,0.6080642938613892
Manuel_Pellegrini,known,0114.jpg,Manuel_Pellegrini,1.0,0.5649530291557312
Manuel_Pellegrini,known,0115.jpg,Manuel_Pellegrini,1.0,0.7833412885665894
Manuel_Pellegrini,known,0116.jpg,Manuel_Pellegrini,1.0,0.5532470345497131
Manuel_Pellegrini,known,0117.jpg,Manuel_Pellegrini,1.0,0.6539039015769958
Manuel_Pellegrini,known,0118.jpg,Manuel_Pellegrini,1.0,0.683684766292572
Manuel_Pellegrini,known,0119.jpg,Manuel_Pellegrini,1.0,0.5515367388725281
Manuel_Pellegrini,known,0120.jpg,Manuel_Pellegrini,1.0,0.6266995072364807
Manuel_Pellegrini,known,0121.jpg,Manuel_Pellegrini,1.0,0.6327768564224243
Manuel_Pellegrini,known,0122.jpg,Manuel_Pellegrini,1.0,0.720894992351532
Manuel_Pellegrini,known,0123.jpg,Manuel_Pellegrini,1.0,0.7277799844741821
Manuel_Pellegrini,known,0124.jpg,Manuel_Pellegrini,1.0,0.6179508566856384
Manuel_Pellegrini,known,0125.jpg,Manuel_Pellegrini,1.0,0.6628689765930176
Manuel_Pellegrini,known,0126.jpg,Manuel_Pellegrini,1.0,0.5865880250930786
Manuel_Pellegrini,known,0127.jpg,Manuel_Pellegrini,1.0,0.6074041724205017
Manuel_Pellegrini,known,0128.jpg,Manuel_Pellegrini,1.0,0.6409844160079956
Manuel_Pellegrini,known,0129.jpg,Manuel_Pellegrini,1.0,0.7164806723594666
Manuel_Pellegrini,known,0130.jpg,Manuel_Pellegrini,1.0,0.6200470924377441
Manuel_Pellegrini,known,0131.jpg,Manuel_Pellegrini,1.0,0.651012122631073
Manuel_Pellegrini,known,0132.jpg,Manuel_Pellegrini,1.0,0.7447185516357422
Manuel_Pellegrini,known,0133.jpg,Manuel_Pellegrini,1.0,0.6391903162002563
Manuel_Pellegrini,known,0134.jpg,Manuel_Pellegrini,1.0,0.6526138782501221
Manuel_Pellegrini,known,0135.jpg,Manuel_Pellegrini,1.0,0.6584164500236511
Manuel_Pellegrini,known,0136.jpg,Manuel_Pellegrini,1.0,0.8029220700263977
Manuel_Pellegrini,known,0137.jpg,Manuel_Pellegrini,1.0,0.6679611206054688
Manuel_Pellegrini,known,0138.jpg,Manuel_Pellegrini,1.0,0.6930727958679199
Manuel_Pellegrini,known,0139.jpg,Manuel_Pellegrini,1.0,0.6248186826705933
Manuel_Pellegrini,known,0140.jpg,Manuel_Pellegrini,1.0,0.7875179052352905
Manuel_Pellegrini,known,0141.jpg,Manuel_Pellegrini,1.0,0.6557771563529968
Manuel_Pellegrini,known,0142.jpg,Manuel_Pellegrini,1.0,0.6410499811172485
Manuel_Pellegrini,known,0143.jpg,Manuel_Pellegrini,1.0,0.7289630174636841
Manuel_Pellegrini,known,0144.jpg,Manuel_Pellegrini,1.0,0.6675745844841003
Manuel_Pellegrini,known,0145.jpg,Manuel_Pellegrini,1.0,0.6426118016242981
Manuel_Pellegrini,known,0146.jpg,Manuel_Pellegrini,1.0,0.6762709021568298
Manuel_Pellegrini,known,0147.jpg,Manuel_Pellegrini,1.0,0.7360624074935913
Manuel_Pellegrini,known,0148.jpg,Manuel_Pellegrini,1.0,0.621170699596405
Manuel_Pellegrini,known,0149.jpg,Manuel_Pellegrini,1.0,0.6427475214004517
Manuel_Pellegrini,known,0150.jpg,Manuel_Pellegrini,1.0,0.7629875540733337
Manuel_Pellegrini,known,0151.jpg,Manuel_Pellegrini,1.0,0.7423009872436523
Manuel_Pellegrini,known,0152.jpg,Manuel_Pellegrini,1.0,0.7010345458984375
Manuel_Pellegrini,known,0153.jpg,Manuel_Pellegrini,1.0,0.6286600232124329
Manuel_Pellegrini,known,0154.jpg,Manuel_Pellegrini,1.0,0.7048132419586182
Manuel_Pellegrini,known,0155.jpg,Manuel_Pellegrini,1.0,0.6798661947250366
Manuel_Pellegrini,known,0156.jpg,Manuel_Pellegrini,1.0,0.6250386834144592
Manuel_Pellegrini,known,0157.jpg,Manuel_Pellegrini,1.0,0.7677189111709595
Manuel_Pellegrini,known,0158.jpg,Manuel_Pellegrini,1.0,0.6810773015022278
Manuel_Pellegrini,known,0159.jpg,Manuel_Pellegrini,1.0,0.6015869975090027
Manuel_Pellegrini,known,0160.jpg,Manuel_Pellegrini,1.0,0.7156099677085876
Manuel_Pellegrini,known,0161.jpg,Manuel_Pellegrini,1.0,0.7016956806182861
Manuel_Pellegrini,known,0162.jpg,Manuel_Pellegrini,1.0,0.6066038608551025
Manuel_Pellegrini,known,0163.jpg,Manuel_Pellegrini,1.0,0.65750652551651
Manuel_Pellegrini,known,0164.jpg,Manuel_Pellegrini,1.0,0.6859996318817139
Manuel_Pellegrini,known,0165.jpg,Manuel_Pellegrini,1.0,0.7300402522087097
Manuel_Pellegrini,known,0166.jpg,Manuel_Pellegrini,1.0,0.7092362642288208
Manuel_Pellegrini,known,0167.jpg,Manuel_Pellegrini,1.0,0.7430603504180908
Manuel_Pellegrini,known,0168.jpg,Manuel_Pellegrini,1.0,0.5710978507995605
Manuel_Pellegrini,known,0169.jpg,Manuel_Pellegrini,1.0,0.6722281575202942
Manuel_Pellegrini,known,0170.jpg,Manuel_Pellegrini,1.0,0.5503655076026917
Manuel_Pellegrini,known,0171.jpg,Manuel_Pellegrini,1.0,0.5756199359893799
Manuel_Pellegrini,known,0172.jpg,Manuel_Pellegrini,1.0,0.6504414081573486
Manuel_Pellegrini,known,0173.jpg,Manuel_Pellegrini,1.0,0.6620969772338867
Manuel_Pellegrini,known,0174.jpg,Manuel_Pellegrini,1.0,0.689688503742218
Manuel_Pellegrini,known,0175.jpg,Manuel_Pellegrini,1.0,0.619394838809967
Manuel_Pellegrini,known,0176.jpg,Manuel_Pellegrini,1.0,0.7338465452194214
Manuel_Pellegrini,known,0177.jpg,Manuel_Pellegrini,1.0,0.7187942266464233
Manuel_Pellegrini,known,0178.jpg,Manuel_Pellegrini,1.0,0.694597065448761
Manuel_Pellegrini,known,0179.jpg,Manuel_Pellegrini,1.0,0.6424083113670349
Manuel_Pellegrini,known,0180.jpg,Manuel_Pellegrini,1.0,0.6451876759529114
Manuel_Pellegrini,known,0181.jpg,Manuel_Pellegrini,1.0,0.811682939529419
Manuel_Pellegrini,known,0182.jpg,Manuel_Pellegrini,1.0,0.7597546577453613
Manuel_Pellegrini,known,0183.jpg,Manuel_Pellegrini,1.0,0.631578266620636
Manuel_Pellegrini,known,0184.jpg,Manuel_Pellegrini,1.0,0.7480987906455994
Manuel_Pellegrini,known,0185.jpg,Manuel_Pellegrini,1.0,0.7153543829917908
Manuel_Pellegrini,known,0186.jpg,Manuel_Pellegrini,1.0,0.6452059149742126
Manuel_Pellegrini,known,0187.jpg,Manuel_Pellegrini,1.0,0.6860011219978333
Manuel_Pellegrini,known,0188.jpg,Manuel_Pellegrini,1.0,0.7472273111343384
Manuel_Pellegrini,known,0189.jpg,Manuel_Pellegrini,1.0,0.7626956105232239
Manuel_Pellegrini,known,0190.jpg,Manuel_Pellegrini,1.0,0.657473623752594
Manuel_Pellegrini,known,0191.jpg,Manuel_Pellegrini,1.0,0.6996939182281494
Manuel_Pellegrini,known,0192.jpg,Manuel_Pellegrini,1.0,0.604482889175415
Manuel_Pellegrini,known,0193.jpg,Manuel_Pellegrini,1.0,0.7762638926506042
Manuel_Pellegrini,known,0194.jpg,Manuel_Pellegrini,1.0,0.6898887157440186
Manuel_Pellegrini,known,0195.jpg,Manuel_Pellegrini,1.0,0.6501994729042053
Manuel_Pellegrini,known,0196.jpg,Manuel_Pellegrini,1.0,0.6765426993370056
Manuel_Pellegrini,known,0197.jpg,Manuel_Pellegrini,1.0,0.6251381039619446
Manuel_Pellegrini,known,0198.jpg,Manuel_Pellegrini,1.0,0.7156626582145691
Manuel_Pellegrini,known,0199.jpg,Manuel_Pellegrini,1.0,0.6468908786773682
Manuel_Pellegrini,known,0200.jpg,Manuel_Pellegrini,1.0,0.7063375115394592
Manuel_Pellegrini,known,0201.jpg,Manuel_Pellegrini,1.0,0.6379918456077576
Manuel_Pellegrini,known,0202.jpg,Manuel_Pellegrini,1.0,0.6311824321746826
Manuel_Pellegrini,known,0203.jpg,Manuel_Pellegrini,1.0,0.6279335021972656
Manuel_Pellegrini,known,0204.jpg,Manuel_Pellegrini,1.0,0.6426991820335388
Manuel_Pellegrini,known,0205.jpg,Manuel_Pellegrini,1.0,0.7361322045326233
Manuel_Pellegrini,known,0206.jpg,Manuel_Pellegrini,1.0,0.6938017010688782
Manuel_Pellegrini,known,0207.jpg,Manuel_Pellegrini,1.0,0.6730909943580627
Manuel_Pellegrini,known,0208.jpg,Manuel_Pellegrini,1.0,0.6408784985542297
Manuel_Pellegrini,known,0209.jpg,Manuel_Pellegrini,1.0,0.7101895809173584
Manuel_Pellegrini,known,0210.jpg,Manuel_Pellegrini,1.0,0.6578293442726135
Manuel_Pellegrini,known,0211.jpg,Manuel_Pellegrini,1.0,0.6836885213851929
Manuel_Pellegrini,known,0212.jpg,Manuel_Pellegrini,1.0,0.7153211832046509
Manuel_Pellegrini,known,0213.jpg,Manuel_Pellegrini,1.0,0.6749929785728455
Manuel_Pellegrini,known,0214.jpg,Manuel_Pellegrini,1.0,0.7759969234466553
Manuel_Pellegrini,known,0215.jpg,Manuel_Pellegrini,1.0,0.6108086109161377
Manuel_Pellegrini,known,0216.jpg,Manuel_Pellegrini,1.0,0.7517778277397156
Manuel_Pellegrini,known,0217.jpg,Manuel_Pellegrini,1.0,0.6518479585647583
Manuel_Pellegrini,known,0218.jpg,Manuel_Pellegrini,1.0,0.615117609500885
Manuel_Pellegrini,known,0219.jpg,Manuel_Pellegrini,1.0,0.6072016954421997
Manuel_Pellegrini,known,0220.jpg,Manuel_Pellegrini,1.0,0.6783491969108582
Manuel_Pellegrini,known,0221.jpg,Manuel_Pellegrini,1.0,0.5757490396499634
Manuel_Pellegrini,known,0222.jpg,Manuel_Pellegrini,1.0,0.7266952395439148
Manuel_Pellegrini,known,0223.jpg,Manuel_Pellegrini,1.0,0.5769600868225098
Manuel_Pellegrini,known,0224.jpg,Manuel_Pellegrini,1.0,0.7682743072509766
Manuel_Pellegrini,known,0225.jpg,Manuel_Pellegrini,1.0,0.6276394128799438
Manuel_Pellegrini,known,0226.jpg,Manuel_Pellegrini,1.0,0.7455906271934509
Manuel_Pellegrini,known,0227.jpg,Manuel_Pellegrini,1.0,0.7223944664001465
Manuel_Pellegrini,known,0228.jpg,Manuel_Pellegrini,1.0,0.7500445246696472
Manuel_Pellegrini,known,0229.jpg,Manuel_Pellegrini,1.0,0.6983954906463623
Maria_Shriver,unknown,0001.jpg,Marina_Silva,1.0,1.1180006265640259
Maria_Shriver,unknown,0002.jpg,Nancy_Sinatra,1.0,1.2449166774749756
Maria_Shriver,unknown,0003.jpg,Nancy_Sinatra,1.0,1.2345458269119263
Maria_Shriver,unknown,0004.jpg,Marina_Silva,1.0,1.2184745073318481
Maria_Shriver,unknown,0005.jpg,Marina_Silva,1.0,1.1467188596725464
Maria_Shriver,unknown,0006.jpg,Marina_Silva,1.0,1.2036824226379395
Maria_Shriver,unknown,0007.jpg,Marina_Silva,1.0,1.1479895114898682
Maria_Shriver,unknown,0008.jpg,Marina_Silva,1.0,1.1278712749481201
Maria_Shriver,unknown,0009.jpg,Marina_Silva,1.0,1.1218639612197876
Maria_Shriver,unknown,0010.jpg,Marina_Silva,1.0,1.1668082475662231
Maria_Shriver,unknown,0011.jpg,Marina_Silva,1.0,1.187879204750061
Maria_Shriver,unknown,0012.jpg,Nancy_Sinatra,1.0,1.211792230606079
Maria_Shriver,unknown,0013.jpg,Marina_Silva,1.0,1.159784197807312
Maria_Shriver,unknown,0014.jpg,Marina_Silva,1.0,1.163321614265442
Maria_Shriver,unknown,0015.jpg,Marina_Silva,1.0,1.1519534587860107
Maria_Shriver,unknown,0016.jpg,Marina_Silva,1.0,1.1538349390029907
Maria_Shriver,unknown,0017.jpg,Marina_Silva,1.0,1.2032560110092163
Maria_Shriver,unknown,0018.jpg,Marina_Silva,1.0,1.2178525924682617
Maria_Shriver,unknown,0019.jpg,Marina_Silva,1.0,1.1588523387908936
Maria_Shriver,unknown,0020.jpg,Marina_Silva,1.0,1.083188533782959
Maria_Shriver,unknown,0021.jpg,Marina_Silva,1.0,1.1693559885025024
Maria_Shriver,unknown,0022.jpg,Marina_Silva,1.0,1.17660391330719
Maria_Shriver,unknown,0023.jpg,Marina_Silva,1.0,1.1383345127105713
Maria_Shriver,unknown,0024.jpg,Marina_Silva,1.0,1.2421778440475464
Maria_Shriver,unknown,0025.jpg,Marina_Silva,1.0,1.1741764545440674
Maria_Shriver,unknown,0026.jpg,Marina_Silva,1.0,1.144599437713623
Maria_Shriver,unknown,0027.jpg,Marina_Silva,1.0,1.1493587493896484
Maria_Shriver,unknown,0028.jpg,Marina_Silva,1.0,1.212970495223999
Maria_Shriver,unknown,0029.jpg,Marina_Silva,1.0,1.14595627784729
Maria_Shriver,unknown,0030.jpg,Marina_Silva,1.0,1.1991809606552124
Maria_Shriver,unknown,0031.jpg,Marina_Silva,1.0,1.2018290758132935
Maria_Shriver,unknown,0032.jpg,Marina_Silva,1.0,1.2190872430801392
Maria_Shriver,unknown,0033.jpg,Marina_Silva,1.0,1.2140049934387207
Maria_Shriver,unknown,0034.jpg,Marina_Silva,1.0,1.1294467449188232
Maria_Shriver,unknown,0035.jpg,Marina_Silva,1.0,1.2470860481262207
Maria_Shriver,unknown,0036.jpg,Marina_Silva,1.0,1.0884969234466553
Maria_Shriver,unknown,0037.jpg,Marina_Silva,1.0,1.2164795398712158
Maria_Shriver,unknown,0038.jpg,Marina_Silva,1.0,1.1247502565383911
Maria_Shriver,unknown,0039.jpg,Marina_Silva,1.0,1.1297314167022705
Maria_Shriver,unknown,0040.jpg,Marina_Silva,1.0,1.2728184461593628
Maria_Shriver,unknown,0041.jpg,Marina_Silva,1.0,1.1971361637115479
Maria_Shriver,unknown,0042.jpg,Marina_Silva,1.0,1.177978515625
Maria_Shriver,unknown,0043.jpg,Marina_Silva,1.0,1.1312929391860962
Maria_Shriver,unknown,0044.jpg,Marina_Silva,1.0,1.1437904834747314
Maria_Shriver,unknown,0045.jpg,Marina_Silva,1.0,1.1730998754501343
Maria_Shriver,unknown,0046.jpg,Marina_Silva,1.0,1.1940838098526
Maria_Shriver,unknown,0047.jpg,Marina_Silva,1.0,1.2168389558792114
Maria_Shriver,unknown,0048.jpg,Marina_Silva,1.0,1.1746649742126465
Maria_Shriver,unknown,0049.jpg,Marina_Silva,1.0,1.210404872894287
Maria_Shriver,unknown,0050.jpg,Marina_Silva,1.0,1.2196478843688965
Maria_Shriver,unknown,0051.jpg,Nancy_Sinatra,0.6666666666666666,1.188931941986084
Maria_Shriver,unknown,0052.jpg,Marina_Silva,1.0,1.0750808715820312
Maria_Shriver,unknown,0053.jpg,Marina_Silva,1.0,1.219464659690857
Maria_Shriver,unknown,0054.jpg,Marina_Silva,1.0,1.1887272596359253
Maria_Shriver,unknown,0055.jpg,Marina_Silva,1.0,1.237082600593567
Maria_Shriver,unknown,0056.jpg,Marina_Silva,1.0,1.1542590856552124
Maria_Shriver,unknown,0057.jpg,Marina_Silva,1.0,1.2072539329528809
Maria_Shriver,unknown,0058.jpg,Marina_Silva,1.0,1.208608627319336
Maria_Shriver,unknown,0059.jpg,Marina_Silva,1.0,1.083749532699585
Maria_Shriver,unknown,0060.jpg,Marina_Silva,1.0,1.2384700775146484
Maria_Shriver,unknown,0061.jpg,Marina_Silva,1.0,1.1098800897598267
Maria_Shriver,unknown,0062.jpg,Marina_Silva,1.0,1.194779872894287
Maria_Shriver,unknown,0063.jpg,Nancy_Sinatra,1.0,1.1936094760894775
Maria_Shriver,unknown,0064.jpg,Marina_Silva,0.6666666666666666,1.2000573873519897
Maria_Shriver,unknown,0065.jpg,Marina_Silva,1.0,1.186057209968567
Maria_Shriver,unknown,0066.jpg,Nancy_Sinatra,1.0,1.2486916780471802
Maria_Shriver,unknown,0067.jpg,Nancy_Sinatra,1.0,1.1601754426956177
Maria_Shriver,unknown,0068.jpg,Marina_Silva,0.6666666666666666,1.2498915195465088
Maria_Shriver,unknown,0069.jpg,Marina_Silva,1.0,1.0993415117263794
Maria_Shriver,unknown,0070.jpg,Marina_Silva,1.0,1.191476821899414
Maria_Shriver,unknown,0071.jpg,Marina_Silva,1.0,1.1425482034683228
Maria_Shriver,unknown,0072.jpg,Marina_Silva,1.0,1.2589035034179688
Maria_Shriver,unknown,0073.jpg,Marina_Silva,1.0,1.168571949005127
Maria_Shriver,unknown,0074.jpg,Marina_Silva,1.0,1.2246650457382202
Maria_Shriver,unknown,0075.jpg,Marina_Silva,1.0,1.1160888671875
Maria_Shriver,unknown,0076.jpg,Marina_Silva,1.0,1.198471188545227
Maria_Shriver,unknown,0077.jpg,Nancy_Sinatra,1.0,1.2319307327270508
Maria_Shriver,unknown,0078.jpg,Marina_Silva,1.0,1.1798770427703857
Maria_Shriver,unknown,0079.jpg,Marina_Silva,1.0,1.2117162942886353
Maria_Shriver,unknown,0080.jpg,Marina_Silva,1.0,1.2040674686431885
Maria_Shriver,unknown,0081.jpg,Nancy_Sinatra,1.0,1.252341866493225
Maria_Shriver,unknown,0082.jpg,Marina_Silva,1.0,1.150213599205017
Maria_Shriver,unknown,0083.jpg,Marina_Silva,1.0,1.1186978816986084
Maria_Shriver,unknown,0084.jpg,Marina_Silva,1.0,1.2321655750274658
Maria_Shriver,unknown,0085.jpg,Marina_Silva,1.0,1.1226862668991089
Maria_Shriver,unknown,0086.jpg,Marina_Silva,0.6666666666666666,1.1860170364379883
Maria_Shriver,unknown,0087.jpg,Marina_Silva,1.0,1.195938229560852
Maria_Shriver,unknown,0088.jpg,Marina_Silva,1.0,1.2229830026626587
Maria_Shriver,unknown,0089.jpg,Marina_Silva,1.0,1.1808823347091675
Maria_Shriver,unknown,0090.jpg,Nancy_Sinatra,1.0,1.204106330871582
Maria_Shriver,unknown,0091.jpg,Marina_Silva,1.0,1.215016484260559
Maria_Shriver,unknown,0092.jpg,Marina_Silva,1.0,1.2870898246765137
Maria_Shriver,unknown,0093.jpg,Marina_Silva,1.0,1.172168493270874
Maria_Shriver,unknown,0094.jpg,Marina_Silva,1.0,1.196900486946106
Maria_Shriver,unknown,0095.jpg,Marina_Silva,1.0,1.1245328187942505
Maria_Shriver,unknown,0096.jpg,Nancy_Sinatra,1.0,1.247109055519104
Maria_Shriver,unknown,0097.jpg,Marina_Silva,1.0,1.1641755104064941
Maria_Shriver,unknown,0098.jpg,Marina_Silva,1.0,1.1763590574264526
Maria_Shriver,unknown,0099.jpg,Marina_Silva,1.0,1.1412745714187622
Maria_Shriver,unknown,0100.jpg,Marina_Silva,1.0,1.2068794965744019
Maria_Shriver,unknown,0101.jpg,Marina_Silva,1.0,1.234521746635437
Maria_Shriver,unknown,0102.jpg,Marina_Silva,1.0,1.1508578062057495
Maria_Shriver,unknown,0103.jpg,Marina_Silva,1.0,1.1829636096954346
Maria_Shriver,unknown,0104.jpg,Marina_Silva,1.0,1.1943423748016357
Maria_Shriver,unknown,0105.jpg,Marina_Silva,1.0,1.1229431629180908
Marina_Silva,known,0001.jpg,Marina_Silva,1.0,0.6269351840019226
Marina_Silva,known,0002.jpg,Marina_Silva,1.0,0.58689284324646
Marina_Silva,known,0003.jpg,Marina_Silva,1.0,0.7245729565620422
Marina_Silva,known,0004.jpg,Marina_Silva,1.0,0.6367639303207397
Marina_Silva,known,0005.jpg,Marina_Silva,1.0,0.6640368103981018
Marina_Silva,known,0006.jpg,Marina_Silva,1.0,0.7664408087730408
Marina_Silva,known,0007.jpg,Marina_Silva,1.0,0.6994079351425171
Marina_Silva,known,0008.jpg,Marina_Silva,1.0,0.6473162770271301
Marina_Silva,known,0009.jpg,Marina_Silva,1.0,0.5853749513626099
Marina_Silva,known,0010.jpg,Marina_Silva,1.0,0.689838707447052
Marina_Silva,known,0011.jpg,Marina_Silva,1.0,0.7561284303665161
Marina_Silva,known,0012.jpg,Marina_Silva,1.0,0.7449268698692322
Marina_Silva,known,0013.jpg,Marina_Silva,1.0,0.7679488062858582
Marina_Silva,known,0014.jpg,Marina_Silva,1.0,0.674767017364502
Marina_Silva,known,0015.jpg,Marina_Silva,1.0,0.7138841152191162
Marina_Silva,known,0016.jpg,Marina_Silva,1.0,0.6978421211242676
Marina_Silva,known,0017.jpg,Marina_Silva,1.0,0.5811988711357117
Marina_Silva,known,0018.jpg,Marina_Silva,1.0,0.68524569272995
Marina_Silva,known,0019.jpg,Marina_Silva,1.0,0.6224040985107422
Marina_Silva,known,0020.jpg,Marina_Silva,1.0,0.668692409992218
Marina_Silva,known,0021.jpg,Marina_Silva,1.0,0.609816312789917
Marina_Silva,known,0022.jpg,Marina_Silva,1.0,0.6288970112800598
Marina_Silva,known,0023.jpg,Marina_Silva,1.0,0.6047446727752686
Marina_Silva,known,0024.jpg,Marina_Silva,1.0,0.5743836760520935
Marina_Silva,known,0025.jpg,Marina_Silva,1.0,0.6310992240905762
Marina_Silva,known,0026.jpg,Marina_Silva,1.0,0.6164343357086182
Marina_Silva,known,0027.jpg,Marina_Silva,1.0,0.6874234676361084
Marina_Silva,known,0028.jpg,Marina_Silva,1.0,0.6185098886489868
Marina_Silva,known,0029.jpg,Marina_Silva,1.0,0.7213513255119324
Marina_Silva,known,0030.jpg,Marina_Silva,1.0,0.603456437587738
Marina_Silva,known,0031.jpg,Marina_Silva,1.0,0.7527167797088623
Marina_Silva,known,0032.jpg,Marina_Silva,1.0,0.7710137367248535
Marina_Silva,known,0033.jpg,Marina_Silva,1.0,0.6140548586845398
Marina_Silva,known,0034.jpg,Marina_Silva,1.0,0.5530019402503967
Marina_Silva,known,0035.jpg,Marina_Silva,1.0,0.6799267530441284
Marina_Silva,known,0036.jpg,Marina_Silva,1.0,0.6895418763160706
Marina_Silva,known,0037.jpg,Marina_Silva,1.0,0.7104355692863464
Marina_Silva,known,0038.jpg,Marina_Silva,1.0,0.654118001461029
Marina_Silva,known,0039.jpg,Marina_Silva,1.0,0.7356998324394226
Marina_Silva,known,0040.jpg,Marina_Silva,1.0,0.6795608401298523
Marina_Silva,known,0041.jpg,Marina_Silva,1.0,0.5531044006347656
Marina_Silva,known,0042.jpg,Marina_Silva,1.0,0.6547195911407471
Marina_Silva,known,0043.jpg,Marina_Silva,1.0,0.659724771976471
Marina_Silva,known,0044.jpg,Marina_Silva,1.0,0.6481356024742126
Marina_Silva,known,0045.jpg,Marina_Silva,1.0,0.623416543006897
Marina_Silva,known,0046.jpg,Marina_Silva,1.0,0.6267250776290894
Marina_Silva,known,0047.jpg,Marina_Silva,1.0,0.5972208380699158
Marina_Silva,known,0048.jpg,Marina_Silva,1.0,0.6177898049354553
Marina_Silva,known,0049.jpg,Marina_Silva,1.0,0.6314552426338196
Marina_Silva,known,0050.jpg,Marina_Silva,1.0,0.7523120641708374
Marina_Silva,known,0051.jpg,Marina_Silva,1.0,0.63437420129776
Marina_Silva,known,0052.jpg,Marina_Silva,1.0,0.7643925547599792
Marina_Silva,known,0053.jpg,Marina_Silva,1.0,0.6525973677635193
Marina_Silva,known,0054.jpg,Marina_Silva,1.0,0.7049499750137329
Marina_Silva,known,0055.jpg,Marina_Silva,1.0,0.6493213176727295
Marina_Silva,known,0056.jpg,Marina_Silva,1.0,0.5707229971885681
Marina_Silva,known,0057.jpg,Marina_Silva,1.0,0.578542947769165
Marina_Silva,known,0058.jpg,Marina_Silva,1.0,0.7930253744125366
Marina_Silva,known,0059.jpg,Marina_Silva,1.0,0.6579296588897705
Marina_Silva,known,0060.jpg,Marina_Silva,1.0,0.6939863562583923
Marina_Silva,known,0061.jpg,Marina_Silva,1.0,0.6493251919746399
Marina_Silva,known,0062.jpg,Marina_Silva,1.0,0.7206875085830688
Marina_Silva,known,0063.jpg,Marina_Silva,1.0,0.7000836730003357
Marina_Silva,known,0064.jpg,Marina_Silva,1.0,0.7376292943954468
Marina_Silva,known,0065.jpg,Marina_Silva,1.0,0.7834481596946716
Marina_Silva,known,0066.jpg,Marina_Silva,1.0,0.6692038774490356
Marina_Silva,known,0067.jpg,Marina_Silva,1.0,0.7621908783912659
Marina_Silva,known,0068.jpg,Marina_Silva,1.0,0.6352388262748718
Marina_Silva,known,0069.jpg,Marina_Silva,1.0,0.7164035439491272
Marina_Silva,known,0070.jpg,Marina_Silva,1.0,0.6494293212890625
Marina_Silva,known,0071.jpg,Marina_Silva,1.0,0.8099653720855713
Marina_Silva,known,0072.jpg,Marina_Silva,1.0,0.7187688946723938
Marina_Silva,known,0073.jpg,Marina_Silva,1.0,0.7730617523193359
Marina_Silva,known,0074.jpg,Marina_Silva,1.0,0.6626113057136536
Marina_Silva,known,0075.jpg,Marina_Silva,1.0,0.6553696990013123
Marina_Silva,known,0076.jpg,Marina_Silva,1.0,0.762300968170166
Marina_Silva,known,0077.jpg,Marina_Silva,1.0,0.7444977760314941
Marina_Silva,known,0078.jpg,Marina_Silva,1.0,0.688927412033081
Marina_Silva,known,0079.jpg,Marina_Silva,1.0,0.7089059352874756
Marina_Silva,known,0080.jpg,Marina_Silva,1.0,0.8000458478927612
Marina_Silva,known,0081.jpg,Marina_Silva,1.0,0.5822961926460266
Marina_Silva,known,0082.jpg,Marina_Silva,1.0,0.6187193989753723
Marina_Silva,known,0083.jpg,Marina_Silva,1.0,0.6734398007392883
Marina_Silva,known,0084.jpg,Marina_Silva,1.0,0.6781212091445923
Marina_Silva,known,0085.jpg,Marina_Silva,1.0,0.697538435459137
Marina_Silva,known,0086.jpg,Marina_Silva,1.0,0.695025622844696
Marina_Silva,known,0087.jpg,Marina_Silva,1.0,0.7298446297645569
Marina_Silva,known,0088.jpg,Marina_Silva,1.0,0.736615777015686
Marina_Silva,known,0089.jpg,Marina_Silva,1.0,0.5898621678352356
Marina_Silva,known,0090.jpg,Marina_Silva,1.0,0.7493899464607239
Marina_Silva,known,0091.jpg,Marina_Silva,1.0,0.6929765343666077
Marina_Silva,known,0092.jpg,Marina_Silva,1.0,0.6310434937477112
Marina_Silva,known,0093.jpg,Marina_Silva,1.0,0.6878935098648071
Marina_Silva,known,0094.jpg,Marina_Silva,1.0,0.7574937343597412
Marina_Silva,known,0095.jpg,Marina_Silva,1.0,0.6655991077423096
Marina_Silva,known,0096.jpg,Marina_Silva,1.0,0.6263570785522461
Marina_Silva,known,0097.jpg,Marina_Silva,1.0,0.7961432933807373
Marina_Silva,known,0098.jpg,Marina_Silva,1.0,0.6093742847442627
Marina_Silva,known,0099.jpg,Marina_Silva,1.0,0.636021614074707
Marina_Silva,known,0100.jpg,Marina_Silva,1.0,0.7398568391799927
Marina_Silva,known,0101.jpg,Marina_Silva,1.0,0.7025477290153503
Marina_Silva,known,0102.jpg,Marina_Silva,1.0,0.6157593131065369
Marina_Silva,known,0103.jpg,Marina_Silva,1.0,0.6790758371353149
Marina_Silva,known,0104.jpg,Marina_Silva,1.0,0.7077214121818542
Marina_Silva,known,0105.jpg,Marina_Silva,1.0,0.6101372838020325
Marina_Silva,known,0106.jpg,Marina_Silva,1.0,0.6694066524505615
Marina_Silva,known,0107.jpg,Marina_Silva,1.0,0.6648028492927551
Marina_Silva,known,0108.jpg,Marina_Silva,1.0,0.5879915356636047
Marina_Silva,known,0109.jpg,Marina_Silva,1.0,0.6952443718910217
Marina_Silva,known,0110.jpg,Marina_Silva,1.0,0.7574017643928528
Marina_Silva,known,0111.jpg,Marina_Silva,1.0,0.6078587770462036
Marina_Silva,known,0112.jpg,Marina_Silva,1.0,0.6803112030029297
Marina_Silva,known,0113.jpg,Marina_Silva,1.0,0.6881164312362671
Marina_Silva,known,0114.jpg,Marina_Silva,1.0,0.6281163096427917
Marina_Silva,known,0115.jpg,Marina_Silva,1.0,0.6750614047050476
Marina_Silva,known,0116.jpg,Marina_Silva,1.0,0.6393927335739136
Marina_Silva,known,0117.jpg,Marina_Silva,1.0,0.7935504913330078
Marina_Silva,known,0118.jpg,Marina_Silva,1.0,0.7495002150535583
Marina_Silva,known,0119.jpg,Marina_Silva,1.0,0.6359336972236633
Marina_Silva,known,0120.jpg,Marina_Silva,1.0,0.6538968682289124
Marina_Silva,known,0121.jpg,Marina_Silva,1.0,0.603691577911377
Marina_Silva,known,0122.jpg,Marina_Silva,1.0,0.6945674419403076
Marina_Silva,known,0123.jpg,Marina_Silva,1.0,0.623619794845581
Marina_Silva,known,0124.jpg,Marina_Silva,1.0,0.8293139934539795
Marina_Silva,known,0125.jpg,Marina_Silva,1.0,0.7328921556472778
Marina_Silva,known,0126.jpg,Marina_Silva,1.0,0.6528435349464417
Marina_Silva,known,0127.jpg,Marina_Silva,1.0,0.6322510242462158
Marina_Silva,known,0128.jpg,Marina_Silva,1.0,0.7911856174468994
Marina_Silva,known,0129.jpg,Marina_Silva,1.0,0.7381030321121216
Marina_Silva,known,0130.jpg,Marina_Silva,1.0,0.628743588924408
Marina_Silva,known,0131.jpg,Marina_Silva,1.0,0.8234877586364746
Marina_Silva,known,0132.jpg,Marina_Silva,1.0,0.6736588478088379
Marina_Silva,known,0133.jpg,Marina_Silva,1.0,0.8143271207809448
Marina_Silva,known,0134.jpg,Marina_Silva,1.0,0.5981923937797546
Marina_Silva,known,0135.jpg,Marina_Silva,1.0,0.5648420453071594
Marina_Silva,known,0136.jpg,Marina_Silva,1.0,0.5267296433448792
Marina_Silva,known,0137.jpg,Marina_Silva,1.0,0.7759158611297607
Marina_Silva,known,0138.jpg,Marina_Silva,1.0,0.6436169743537903
Marina_Silva,known,0139.jpg,Marina_Silva,1.0,0.7949145436286926
Marina_Silva,known,0140.jpg,Marina_Silva,1.0,0.7298140525817871
Marina_Silva,known,0141.jpg,Marina_Silva,1.0,0.6790379285812378
Marina_Silva,known,0142.jpg,Marina_Silva,1.0,0.680305540561676
Marina_Silva,known,0143.jpg,Marina_Silva,1.0,0.655755877494812
Marina_Silva,known,0144.jpg,Marina_Silva,1.0,0.7639141082763672
Marina_Silva,known,0145.jpg,Marina_Silva,1.0,0.7783971428871155
Marina_Silva,known,0146.jpg,Marina_Silva,1.0,0.7039770483970642
Marina_Silva,known,0147.jpg,Marina_Silva,1.0,0.7186615467071533
Marina_Silva,known,0148.jpg,Marina_Silva,1.0,0.6955559253692627
Marina_Silva,known,0149.jpg,Marina_Silva,1.0,0.6568374037742615
Marina_Silva,known,0150.jpg,Marina_Silva,1.0,0.6343077421188354
Marina_Silva,known,0151.jpg,Marina_Silva,1.0,0.8591961860656738
Marina_Silva,known,0152.jpg,Marina_Silva,1.0,0.6646552681922913
Marina_Silva,known,0153.jpg,Marina_Silva,1.0,0.6515712141990662
Marina_Silva,known,0154.jpg,Marina_Silva,1.0,0.589367687702179
Marina_Silva,known,0155.jpg,Marina_Silva,1.0,0.5777149796485901
Marina_Silva,known,0156.jpg,Marina_Silva,1.0,0.683462381362915
Marina_Silva,known,0157.jpg,Marina_Silva,1.0,0.6138662695884705
Marina_Silva,known,0158.jpg,Marina_Silva,1.0,0.5568499565124512
Marina_Silva,known,0159.jpg,Marina_Silva,1.0,0.5638197660446167
Marina_Silva,known,0160.jpg,Marina_Silva,1.0,0.6759489178657532
Marina_Silva,known,0161.jpg,Marina_Silva,1.0,0.6675803661346436
Marina_Silva,known,0162.jpg,Marina_Silva,1.0,0.6568357348442078
Marina_Silva,known,0163.jpg,Marina_Silva,1.0,0.5880686044692993
Marina_Silva,known,0164.jpg,Marina_Silva,1.0,0.6931179761886597
Marina_Silva,known,0165.jpg,Marina_Silva,1.0,0.6458423137664795
Marina_Silva,known,0166.jpg,Marina_Silva,1.0,0.7696788907051086
Marina_Silva,known,0167.jpg,Marina_Silva,1.0,0.6810771226882935
Marina_Silva,known,0168.jpg,Marina_Silva,1.0,0.6401590704917908
Marina_Silva,known,0169.jpg,Marina_Silva,1.0,0.6129644513130188
Marina_Silva,known,0170.jpg,Marina_Silva,1.0,0.6610143780708313
Marina_Silva,known,0171.jpg,Marina_Silva,1.0,0.68240886926651
Marina_Silva,known,0172.jpg,Marina_Silva,1.0,0.5795406699180603
Marina_Silva,known,0173.jpg,Marina_Silva,1.0,0.6098253726959229
Nancy_Sinatra,known,0001.jpg,Nancy_Sinatra,1.0,0.8928678631782532
Nancy_Sinatra,known,0002.jpg,Nancy_Sinatra,1.0,1.077181339263916
Nancy_Sinatra,known,0003.jpg,Nancy_Sinatra,1.0,0.9928619265556335
Nancy_Sinatra,known,0004.jpg,Nancy_Sinatra,1.0,1.0208892822265625
Nancy_Sinatra,known,0005.jpg,Nancy_Sinatra,1.0,0.9717010855674744
Nancy_Sinatra,known,0006.jpg,Nancy_Sinatra,1.0,0.9747396111488342
Nancy_Sinatra,known,0007.jpg,Nancy_Sinatra,1.0,1.001041054725647
Nancy_Sinatra,known,0008.jpg,Nancy_Sinatra,1.0,1.037736177444458
Nancy_Sinatra,known,0009.jpg,Nancy_Sinatra,1.0,0.845473051071167
Nancy_Sinatra,known,0010.jpg,Nancy_Sinatra,1.0,0.9436254501342773
Nancy_Sinatra,known,0011.jpg,Nancy_Sinatra,1.0,0.848890483379364
Nancy_Sinatra,known,0012.jpg,Nancy_Sinatra,1.0,0.9179189205169678
Nancy_Sinatra,known,0013.jpg,Nancy_Sinatra,1.0,0.988985538482666
Nancy_Sinatra,known,0014.jpg,Nancy_Sinatra,1.0,0.8214670419692993
Nancy_Sinatra,known,0015.jpg,Nancy_Sinatra,1.0,0.9603257179260254
Nancy_Sinatra,known,0016.jpg,Nancy_Sinatra,1.0,0.8341007828712463
Nancy_Sinatra,known,0017.jpg,Nancy_Sinatra,1.0,1.0198603868484497
Nancy_Sinatra,known,0018.jpg,Nancy_Sinatra,1.0,0.824495792388916
Nancy_Sinatra,known,0019.jpg,Nancy_Sinatra,1.0,0.8530293703079224
Nancy_Sinatra,known,0020.jpg,Nancy_Sinatra,1.0,0.8076987862586975
Nancy_Sinatra,known,0021.jpg,Nancy_Sinatra,1.0,0.985987663269043
Nancy_Sinatra,known,0022.jpg,Nancy_Sinatra,1.0,0.8427393436431885
Nancy_Sinatra,known,0023.jpg,Nancy_Sinatra,1.0,0.8829731345176697
Nancy_Sinatra,known,0024.jpg,Nancy_Sinatra,1.0,0.8206236362457275
Nancy_Sinatra,known,0025.jpg,Nancy_Sinatra,1.0,0.8165658712387085
Nancy_Sinatra,known,0026.jpg,Nancy_Sinatra,1.0,0.8249393105506897
Nancy_Sinatra,known,0027.jpg,Nancy_Sinatra,1.0,0.8568568229675293
Nancy_Sinatra,known,0028.jpg,Nancy_Sinatra,1.0,0.8455810546875
Nancy_Sinatra,known,0029.jpg,Nancy_Sinatra,1.0,0.9936019778251648
Nancy_Sinatra,known,0030.jpg,Nancy_Sinatra,1.0,0.9449109435081482
Nancy_Sinatra,known,0031.jpg,Nancy_Sinatra,1.0,0.8615733981132507
Nancy_Sinatra,known,0032.jpg,Nancy_Sinatra,1.0,0.8352489471435547
Nancy_Sinatra,known,0033.jpg,Nancy_Sinatra,1.0,1.0139890909194946
Nancy_Sinatra,known,0034.jpg,Nancy_Sinatra,1.0,0.8160178065299988
Nancy_Sinatra,known,0035.jpg,Nancy_Sinatra,1.0,0.9517062902450562
Nancy_Sinatra,known,0036.jpg,Nancy_Sinatra,1.0,0.956986665725708
Nancy_Sinatra,known,0037.jpg,Nancy_Sinatra,1.0,0.9962562918663025
Nancy_Sinatra,known,0038.jpg,Nancy_Sinatra,1.0,0.8302066922187805
Nancy_Sinatra,known,0039.jpg,Nancy_Sinatra,1.0,0.9651915431022644
Nancy_Sinatra,known,0040.jpg,Nancy_Sinatra,1.0,1.0578986406326294
Nancy_Sinatra,known,0041.jpg,Nancy_Sinatra,1.0,0.8727487325668335
Nancy_Sinatra,known,0042.jpg,Nancy_Sinatra,1.0,0.9718554019927979
Nancy_Sinatra,known,0043.jpg,Nancy_Sinatra,1.0,0.8458521962165833
Nancy_Sinatra,known,0044.jpg,Nancy_Sinatra,1.0,0.8321729898452759
Nancy_Sinatra,known,0045.jpg,Nancy_Sinatra,1.0,0.8693223595619202
Nancy_Sinatra,known,0046.jpg,Nancy_Sinatra,1.0,1.0263493061065674
Nancy_Sinatra,known,0047.jpg,Nancy_Sinatra,1.0,0.8641350865364075
Nancy_Sinatra,known,0048.jpg,Nancy_Sinatra,1.0,0.859194815158844
Nancy_Sinatra,known,0049.jpg,Nancy_Sinatra,1.0,0.9776809215545654
Nancy_Sinatra,known,0050.jpg,Nancy_Sinatra,1.0,0.8363567590713501
Nancy_Sinatra,known,0051.jpg,Nancy_Sinatra,1.0,1.033185362815857
Nancy_Sinatra,known,0052.jpg,Nancy_Sinatra,1.0,0.8047244548797607
Nancy_Sinatra,known,0053.jpg,Nancy_Sinatra,1.0,0.8506791591644287
Nancy_Sinatra,known,0054.jpg,Nancy_Sinatra,1.0,0.8828024864196777
Nancy_Sinatra,known,0055.jpg,Nancy_Sinatra,1.0,0.9320440292358398
Nancy_Sinatra,known,0056.jpg,Nancy_Sinatra,1.0,0.9219884276390076
Nancy_Sinatra,known,0057.jpg,Nancy_Sinatra,1.0,0.797110378742218
Nancy_Sinatra,known,0058.jpg,Nancy_Sinatra,1.0,0.9471209645271301
Nancy_Sinatra,known,0059.jpg,Nancy_Sinatra,1.0,0.9387995600700378
Nancy_Sinatra,known,0060.jpg,Nancy_Sinatra,1.0,0.8548460602760315
Nancy_Sinatra,known,0061.jpg,Nancy_Sinatra,1.0,0.8194728493690491
Nancy_Sinatra,known,0062.jpg,Nancy_Sinatra,1.0,0.8040974736213684
Nancy_Sinatra,known,0063.jpg,Nancy_Sinatra,1.0,1.0242033004760742
Nancy_Sinatra,known,0064.jpg,Nancy_Sinatra,1.0,0.8161503076553345
Nancy_Sinatra,known,0065.jpg,Nancy_Sinatra,1.0,0.8745313882827759
Nancy_Sinatra,known,0066.jpg,Nancy_Sinatra,1.0,1.00651216506958
Nancy_Sinatra,known,0067.jpg,Nancy_Sinatra,1.0,1.016374111175537
Nancy_Sinatra,known,0068.jpg,Nancy_Sinatra,1.0,0.9090319275856018
Nancy_Sinatra,known,0069.jpg,Nancy_Sinatra,1.0,0.9828951954841614
Nancy_Sinatra,known,0070.jpg,Nancy_Sinatra,1.0,0.9803988337516785
Nancy_Sinatra,known,0071.jpg,Nancy_Sinatra,1.0,0.7992642521858215
Nancy_Sinatra,known,0072.jpg,Nancy_Sinatra,1.0,1.0286091566085815
Nancy_Sinatra,known,0073.jpg,Nancy_Sinatra,1.0,0.9887291193008423
Peter_Gilmour,known,0001.jpg,Peter_Gilmour,1.0,0.5495011806488037
Peter_Gilmour,known,0002.jpg,Peter_Gilmour,1.0,0.5776346325874329
Peter_Gilmour,known,0003.jpg,Peter_Gilmour,1.0,0.6399596333503723
Peter_Gilmour,known,0004.jpg,Peter_Gilmour,1.0,0.5356257557868958
Peter_Gilmour,known,0005.jpg,Peter_Gilmour,1.0,0.5452220439910889
Peter_Gilmour,known,0006.jpg,Peter_Gilmour,1.0,0.5575975179672241
Peter_Gilmour,known,0007.jpg,Peter_Gilmour,1.0,0.6532646417617798
Peter_Gilmour,known,0008.jpg,Peter_Gilmour,1.0,0.6369069218635559
Peter_Gilmour,known,0009.jpg,Peter_Gilmour,1.0,0.5866157412528992
Peter_Gilmour,known,0010.jpg,Peter_Gilmour,1.0,0.6043151617050171
Peter_Gilmour,known,0011.jpg,Peter_Gilmour,1.0,0.645727813243866
Peter_Gilmour,known,0012.jpg,Peter_Gilmour,1.0,0.590077817440033
Peter_Gilmour,known,0013.jpg,Peter_Gilmour,1.0,0.6164571046829224
Peter_Gilmour,known,0014.jpg,Peter_Gilmour,1.0,0.6253156065940857
Peter_Gilmour,known,0015.jpg,Peter_Gilmour,1.0,0.5523344874382019
Peter_Gilmour,known,0016.jpg,Peter_Gilmour,1.0,0.5495901703834534
Peter_Gilmour,known,0017.jpg,Peter_Gilmour,1.0,0.5469352602958679
Peter_Gilmour,known,0018.jpg,Peter_Gilmour,1.0,0.5138151049613953
Peter_Gilmour,known,0019.jpg,Peter_Gilmour,1.0,0.5691851377487183
Peter_Gilmour,known,0020.jpg,Peter_Gilmour,1.0,0.5919541716575623
Peter_Gilmour,known,0021.jpg,Peter_Gilmour,1.0,0.6252286434173584
Peter_Gilmour,known,0022.jpg,Peter_Gilmour,1.0,0.6488479971885681
Peter_Gilmour,known,0023.jpg,Peter_Gilmour,1.0,0.6106914281845093
Peter_Gilmour,known,0024.jpg,Peter_Gilmour,1.0,0.6400271058082581
Peter_Gilmour,known,0025.jpg,Peter_Gilmour,1.0,0.5899811387062073
Peter_Gilmour,known,0026.jpg,Peter_Gilmour,1.0,0.595011830329895
Peter_Gilmour,known,0027.jpg,Peter_Gilmour,1.0,0.5536257028579712
Peter_Gilmour,known,0028.jpg,Peter_Gilmour,1.0,0.6163488030433655
Peter_Gilmour,known,0029.jpg,Peter_Gilmour,1.0,0.6717768907546997
Peter_Gilmour,known,0030.jpg,Peter_Gilmour,1.0,0.691472589969635
Peter_Gilmour,known,0031.jpg,Peter_Gilmour,1.0,0.6760415434837341
Peter_Gilmour,known,0032.jpg,Peter_Gilmour,1.0,0.5951191782951355
Peter_Gilmour,known,0033.jpg,Peter_Gilmour,1.0,0.5971842408180237
Peter_Gilmour,known,0034.jpg,Peter_Gilmour,1.0,0.6643311381340027
Peter_Gilmour,known,0035.jpg,Peter_Gilmour,1.0,0.6296200156211853
Peter_Gilmour,known,0036.jpg,Peter_Gilmour,1.0,0.6314817667007446
Peter_Gilmour,known,0037.jpg,Peter_Gilmour,1.0,0.6070126891136169
Peter_Gilmour,known,0038.jpg,Peter_Gilmour,1.0,0.6672568321228027
Peter_Gilmour,known,0039.jpg,Peter_Gilmour,1.0,0.5582617521286011
Peter_Gilmour,known,0040.jpg,Peter_Gilmour,1.0,0.62654048204422
Peter_Gilmour,known,0041.jpg,Peter_Gilmour,1.0,0.5413415431976318
Peter_Gilmour,known,0042.jpg,Peter_Gilmour,1.0,0.6276702284812927
Peter_Gilmour,known,0043.jpg,Peter_Gilmour,1.0,0.5217132568359375
Peter_Gilmour,known,0044.jpg,Peter_Gilmour,1.0,0.5304487347602844
Peter_Gilmour,known,0045.jpg,Peter_Gilmour,1.0,0.5847691893577576
Peter_Gilmour,known,0046.jpg,Peter_Gilmour,1.0,0.5596550703048706
Peter_Gilmour,known,0047.jpg,Peter_Gilmour,1.0,0.6312010884284973
Peter_Gilmour,known,0048.jpg,Peter_Gilmour,1.0,0.5907104015350342
Peter_Gilmour,known,0049.jpg,Peter_Gilmour,1.0,0.5743820071220398
Peter_Gilmour,known,0050.jpg,Peter_Gilmour,1.0,0.5337678790092468
Peter_Gilmour,known,0051.jpg,Peter_Gilmour,1.0,0.624881386756897
Peter_Gilmour,known,0052.jpg,Peter_Gilmour,1.0,0.5210219621658325
Peter_Gilmour,known,0053.jpg,Peter_Gilmour,1.0,0.5300694108009338
Peter_Gilmour,known,0054.jpg,Peter_Gilmour,1.0,0.5219530463218689
Peter_Gilmour,known,0055.jpg,Peter_Gilmour,1.0,0.672599196434021
Peter_Gilmour,known,0056.jpg,Peter_Gilmour,1.0,0.5884515047073364
Peter_Gilmour,known,0057.jpg,Peter_Gilmour,1.0,0.6631581783294678
Peter_Gilmour,known,0058.jpg,Peter_Gilmour,1.0,0.6427278518676758
Peter_Gilmour,known,0059.jpg,Peter_Gilmour,1.0,0.5547383427619934
Peter_Gilmour,known,0060.jpg,Peter_Gilmour,1.0,0.5859583020210266
Peter_Gilmour,known,0061.jpg,Peter_Gilmour,1.0,0.5765125155448914
Peter_Gilmour,known,0062.jpg,Peter_Gilmour,1.0,0.6250755786895752
Peter_Gilmour,known,0063.jpg,Peter_Gilmour,1.0,0.582957923412323
Peter_Gilmour,known,0064.jpg,Peter_Gilmour,1.0,0.5997493863105774
Peter_Gilmour,known,0065.jpg,Peter_Gilmour,1.0,0.5635510683059692
Peter_Gilmour,known,0066.jpg,Peter_Gilmour,1.0,0.5895035266876221
Peter_Gilmour,known,0067.jpg,Peter_Gilmour,1.0,0.5904642343521118
Peter_Gilmour,known,0068.jpg,Peter_Gilmour,1.0,0.662900984287262
Peter_Gilmour,known,0069.jpg,Peter_Gilmour,1.0,0.6197141408920288
Peter_Gilmour,known,0070.jpg,Peter_Gilmour,1.0,0.5701149106025696
Peter_Gilmour,known,0071.jpg,Peter_Gilmour,1.0,0.5712375044822693
Peter_Gilmour,known,0072.jpg,Peter_Gilmour,1.0,0.6153436899185181
Peter_Gilmour,known,0073.jpg,Peter_Gilmour,1.0,0.5963022112846375
Peter_Gilmour,known,0074.jpg,Peter_Gilmour,1.0,0.6629166603088379
Peter_Gilmour,known,0075.jpg,Peter_Gilmour,1.0,0.6170101165771484
Peter_Gilmour,known,0076.jpg,Peter_Gilmour,1.0,0.57431960105896
Peter_Gilmour,known,0077.jpg,Peter_Gilmour,1.0,0.6403873562812805
Peter_Gilmour,known,0078.jpg,Peter_Gilmour,1.0,0.5660094618797302
Peter_Gilmour,known,0079.jpg,Peter_Gilmour,1.0,0.6428265571594238
Peter_Gilmour,known,0080.jpg,Peter_Gilmour,1.0,0.5405213236808777
Peter_Gilmour,known,0081.jpg,Peter_Gilmour,1.0,0.5838927030563354
Peter_Gilmour,known,0082.jpg,Peter_Gilmour,1.0,0.5952305793762207
Peter_Gilmour,known,0083.jpg,Peter_Gilmour,1.0,0.5740469694137573
Peter_Gilmour,known,0084.jpg,Peter_Gilmour,1.0,0.624977171421051
Peter_Gilmour,known,0085.jpg,Peter_Gilmour,1.0,0.6166018843650818
Peter_Gilmour,known,0086.jpg,Peter_Gilmour,1.0,0.5129850506782532
Peter_Gilmour,known,0087.jpg,Peter_Gilmour,1.0,0.5799218416213989
Peter_Gilmour,known,0088.jpg,Peter_Gilmour,1.0,0.6763738989830017
Peter_Gilmour,known,0089.jpg,Peter_Gilmour,1.0,0.6411359310150146
Peter_Gilmour,known,0090.jpg,Peter_Gilmour,1.0,0.6834094524383545
Peter_Gilmour,known,0091.jpg,Peter_Gilmour,1.0,0.631075918674469
Peter_Gilmour,known,0092.jpg,Peter_Gilmour,1.0,0.5362346172332764
Peter_Gilmour,known,0093.jpg,Peter_Gilmour,1.0,0.562033474445343
Peter_Gilmour,known,0094.jpg,Peter_Gilmour,1.0,0.5694504380226135
Peter_Gilmour,known,0095.jpg,Peter_Gilmour,1.0,0.6111395359039307
Peter_Gilmour,known,0096.jpg,Peter_Gilmour,1.0,0.6123617887496948
Peter_Gilmour,known,0097.jpg,Peter_Gilmour,1.0,0.6761080622673035
Peter_Gilmour,known,0098.jpg,Peter_Gilmour,1.0,0.6696054339408875
Peter_Gilmour,known,0099.jpg,Peter_Gilmour,1.0,0.7084378004074097
Peter_Gilmour,known,0100.jpg,Peter_Gilmour,1.0,0.6260822415351868
Peter_Gilmour,known,0101.jpg,Peter_Gilmour,1.0,0.6381180286407471
Peter_Gilmour,known,0102.jpg,Peter_Gilmour,1.0,0.6018717288970947
Peter_Gilmour,known,0103.jpg,Peter_Gilmour,1.0,0.6651450991630554
Peter_Gilmour,known,0104.jpg,Peter_Gilmour,1.0,0.6200093626976013
Peter_Gilmour,known,0105.jpg,Peter_Gilmour,1.0,0.5981271266937256
Peter_Gilmour,known,0106.jpg,Peter_Gilmour,1.0,0.6705030798912048
Peter_Gilmour,known,0107.jpg,Peter_Gilmour,1.0,0.5984756946563721
Peter_Gilmour,known,0108.jpg,Peter_Gilmour,1.0,0.5706290006637573
Peter_Gilmour,known,0109.jpg,Peter_Gilmour,1.0,0.6744557023048401
Peter_Gilmour,known,0110.jpg,Peter_Gilmour,1.0,0.6532751321792603
Peter_Gilmour,known,0111.jpg,Peter_Gilmour,1.0,0.5736424922943115
Peter_Gilmour,known,0112.jpg,Peter_Gilmour,1.0,0.5866221189498901
Peter_Gilmour,known,0113.jpg,Peter_Gilmour,1.0,0.6116196513175964
Peter_Gilmour,known,0114.jpg,Peter_Gilmour,1.0,0.5880200862884521
Peter_Gilmour,known,0115.jpg,Peter_Gilmour,1.0,0.6112549901008606
Peter_Gilmour,known,0116.jpg,Peter_Gilmour,1.0,0.6085926294326782
Peter_Gilmour,known,0117.jpg,Peter_Gilmour,1.0,0.6723158955574036
Peter_Gilmour,known,0118.jpg,Peter_Gilmour,1.0,0.6287603974342346
Peter_Gilmour,known,0119.jpg,Peter_Gilmour,1.0,0.6699866056442261
Peter_Gilmour,known,0120.jpg,Peter_Gilmour,1.0,0.598909854888916
Peter_Gilmour,known,0121.jpg,Peter_Gilmour,1.0,0.626223623752594
Peter_Gilmour,known,0122.jpg,Peter_Gilmour,1.0,0.6586233377456665
Peter_Gilmour,known,0123.jpg,Peter_Gilmour,1.0,0.5855182409286499
Peter_Gilmour,known,0124.jpg,Peter_Gilmour,1.0,0.5388321876525879
Peter_Gilmour,known,0125.jpg,Peter_Gilmour,1.0,0.6420708894729614
Peter_Gilmour,known,0126.jpg,Peter_Gilmour,1.0,0.5586341619491577
Peter_Gilmour,known,0127.jpg,Peter_Gilmour,1.0,0.6111295223236084
Peter_Gilmour,known,0128.jpg,Peter_Gilmour,1.0,0.5885720252990723
Peter_Gilmour,known,0129.jpg,Peter_Gilmour,1.0,0.6522403955459595
Peter_Gilmour,known,0130.jpg,Peter_Gilmour,1.0,0.6666280627250671
Peter_Gilmour,known,0131.jpg,Peter_Gilmour,1.0,0.7051159739494324
Peter_Gilmour,known,0132.jpg,Peter_Gilmour,1.0,0.5964118838310242
Peter_Gilmour,known,0133.jpg,Peter_Gilmour,1.0,0.5677263736724854
Peter_Gilmour,known,0134.jpg,Peter_Gilmour,1.0,0.5958153605461121
Peter_Gilmour,known,0135.jpg,Peter_Gilmour,1.0,0.5682859420776367
Peter_Gilmour,known,0136.jpg,Peter_Gilmour,1.0,0.6142370700836182
Peter_Gilmour,known,0137.jpg,Peter_Gilmour,1.0,0.6052597761154175
Peter_Gilmour,known,0138.jpg,Peter_Gilmour,1.0,0.6120627522468567
Peter_Gilmour,known,0139.jpg,Peter_Gilmour,1.0,0.5869861841201782
Peter_Gilmour,known,0140.jpg,Peter_Gilmour,1.0,0.5999636650085449
Peter_Gilmour,known,0141.jpg,Peter_Gilmour,1.0,0.6459242701530457
Peter_Gilmour,known,0142.jpg,Peter_Gilmour,1.0,0.729920506477356
Peter_Gilmour,known,0143.jpg,Peter_Gilmour,1.0,0.590740442276001
Peter_Gilmour,known,0144.jpg,Peter_Gilmour,1.0,0.6014783978462219
Peter_Gilmour,known,0145.jpg,Peter_Gilmour,1.0,0.6122846603393555
Peter_Gilmour,known,0146.jpg,Peter_Gilmour,1.0,0.5438831448554993
Peter_Gilmour,known,0147.jpg,Peter_Gilmour,1.0,0.559262216091156
Peter_Gilmour,known,0148.jpg,Peter_Gilmour,1.0,0.6023593544960022
Peter_Gilmour,known,0149.jpg,Peter_Gilmour,1.0,0.5680756568908691
Peter_Gilmour,known,0150.jpg,Peter_Gilmour,1.0,0.650830864906311
Peter_Gilmour,known,0151.jpg,Peter_Gilmour,1.0,0.5747774243354797
Peter_Gilmour,known,0152.jpg,Peter_Gilmour,1.0,0.670877993106842
Peter_Gilmour,known,0153.jpg,Peter_Gilmour,1.0,0.6430259346961975
Peter_Gilmour,known,0154.jpg,Peter_Gilmour,1.0,0.6920878887176514
Peter_Gilmour,known,0155.jpg,Peter_Gilmour,1.0,0.6417136788368225
Peter_Gilmour,known,0156.jpg,Peter_Gilmour,1.0,0.6010264158248901
Peter_Gilmour,known,0157.jpg,Peter_Gilmour,1.0,0.5729448795318604
Peter_Gilmour,known,0158.jpg,Peter_Gilmour,1.0,0.5459548234939575
Peter_Gilmour,known,0159.jpg,Peter_Gilmour,1.0,0.603969931602478
Peter_Gilmour,known,0160.jpg,Peter_Gilmour,1.0,0.6164923310279846
Peter_Gilmour,known,0161.jpg,Peter_Gilmour,1.0,0.6523550152778625
Peter_Gilmour,known,0162.jpg,Peter_Gilmour,1.0,0.6573483943939209
Peter_Gilmour,known,0163.jpg,Peter_Gilmour,1.0,0.6379162073135376
Peter_Gilmour,known,0164.jpg,Peter_Gilmour,1.0,0.6159425377845764
Peter_Gilmour,known,0165.jpg,Peter_Gilmour,1.0,0.6477420926094055
Peter_Gilmour,known,0166.jpg,Peter_Gilmour,1.0,0.5752463340759277
Peter_Gilmour,known,0167.jpg,Peter_Gilmour,1.0,0.659662663936615
Peter_Gilmour,known,0168.jpg,Peter_Gilmour,1.0,0.7027224898338318
Peter_Gilmour,known,0169.jpg,Peter_Gilmour,1.0,0.5399097204208374
Peter_Gilmour,known,0170.jpg,Peter_Gilmour,1.0,0.5157192945480347
Peter_Gilmour,known,0171.jpg,Peter_Gilmour,1.0,0.5693173408508301
Peter_Gilmour,known,0172.jpg,Peter_Gilmour,1.0,0.5906267762184143
Peter_Gilmour,known,0173.jpg,Peter_Gilmour,1.0,0.6046426892280579
