example,method,seed,floor_threshold_m,top_threshold_m,max_iterations,floor_plane_normal,floor_plane_d,top_plane_normal,top_plane_d,num_floor_inliers,num_floor_valid_points,num_top_inliers,num_top_valid_points,top_component_pixels,normal_parallelism_abs_dot,height_m_mean_point_to_floor,height_m_median_point_to_floor,height_m_plane_distance,length_m,width_m,quality_score,floor_runtime_s,top_runtime_s,total_runtime_s,floor_iterations,top_iterations
1,ransac,59,0.025,0.025,300,"[-0.020957427099347115, 0.5867714285850525, 0.8094814419746399]",0.7267534732818604,"[-0.036496762186288834, 0.5866623520851135, 0.8090088367462158]",0.5367694322409511,144728,202007,38254,57318,38238,0.9998792409896851,0.18879925539777864,0.18930710398481948,0.18998404104090927,0.6578191658938384,0.47913676081257933,0.9880058475436791,0.11265670001739636,0.027373399992939085,0.2834879999863915,128,96
1,mlesac,59,0.025,0.025,300,"[-0.021037332713603973, 0.5868037939071655, 0.8094558715820312]",0.726755678653717,"[-0.036496762186288834, 0.5866623520851135, 0.8090088367462158]",0.5367694322409511,144695,202007,38254,57324,38238,0.9998804330825806,0.18882378872646288,0.18933361011462857,0.18998624641276596,0.6578191658938384,0.47913676081257933,0.9882230598434214,0.1221825999673456,0.061225300014484674,0.30497810000088066,300,255
1,preemptive,59,0.025,0.025,300,"[-0.02089395932853222, 0.5867395997047424, 0.8095060586929321]",0.7267553806304932,"[-0.036496762186288834, 0.5866623520851135, 0.8090088367462158]",0.5367694322409511,144756,202007,38254,57306,38238,0.9998781681060791,0.18878040652171887,0.18928715523682593,0.18998594838954208,0.6578191658938384,0.47913676081257933,0.9878042195801482,0.10015760001260787,0.028069399995729327,0.26040059997467324,1200,900
2,ransac,76,0.025,0.025,300,"[-0.03249848261475563, 0.5946524143218994, 0.8033258318901062]",1.0136879682540894,"[-0.03612890839576721, 0.5983471274375916, 0.8004220128059387]",0.8219599379127891,158269,199462,24086,39957,22849,0.9999824166297913,0.1894293314577212,0.18971543455017903,0.19172803034130026,0.46819052210982737,0.3920168809619343,0.9779766134492455,0.08985389996087179,0.015316299977712333,0.22562500002095476,128,96
2,mlesac,76,0.025,0.025,300,"[-0.0324992872774601, 0.5946533679962158, 0.8033250570297241]",1.0136868953704834,"[-0.03680073842406273, 0.5936337113380432, 0.803893506526947]",0.8246740016884798,158269,199462,23679,39957,23128,0.9999900460243225,0.18920947943337235,0.18968683264833797,0.18901289368200358,0.4677736251762994,0.37956466889379403,0.9980070125434146,0.130180099979043,0.04889589996309951,0.29782460001297295,300,255
2,preemptive,76,0.025,0.025,300,"[-0.03249848261475563, 0.5946524143218994, 0.8033258318901062]",1.0136879682540894,"[-0.036395225673913956, 0.5986613631248474, 0.8001749515533447]",0.821753839117857,158269,199462,24162,39957,22833,0.9999794363975525,0.18944014417079896,0.18971652677946704,0.1919341291362323,0.4684777002361754,0.3917253750966273,0.9761918147319351,0.10167770000407472,0.023899400024674833,0.24371569999493659,1200,900
3,ransac,93,0.025,0.025,300,"[-0.03477618470788002, 0.5890888571739197, 0.8073195815086365]",1.0226325988769531,"[-0.037336565554142, 0.5863701105117798, 0.809182345867157]",0.8320672620964324,164472,198597,17186,31366,15720,0.999991238117218,0.1924280705074136,0.1928686940051516,0.19056533678052068,0.47005320113321103,0.3868366972349656,0.9820190324646612,0.11506949999602512,0.012816899979952723,0.2592589000123553,128,96
3,mlesac,93,0.025,0.025,300,"[-0.03478693217039108, 0.5890954732894897, 0.8073143362998962]",1.0226293802261353,"[-0.04136978089809418, 0.5831376910209656, 0.8113192915916443]",0.8342173917101443,164473,198597,16401,31367,15837,0.9999526143074036,0.19233498936417334,0.1928428021013363,0.18841198851599095,0.4746657133507882,0.3776334604508028,0.9635272522952623,0.14778419997310266,0.04057270003249869,0.30119220004417,300,255
3,preemptive,93,0.025,0.025,300,"[-0.034775227308273315, 0.5890881419181824, 0.8073201775550842]",1.0226333141326904,"[-0.037637859582901, 0.5864241719245911, 0.8091292381286621]",0.8319808594323216,164472,198597,17074,31366,15717,0.9999907612800598,0.19244135284481514,0.1928690076477888,0.19065245470036885,0.4702754066551964,0.38763356253564485,0.9827037175701513,0.2057749999803491,0.023462000011932105,0.36294749996159226,1200,900
4,ransac,110,0.025,0.025,300,"[-0.023804791271686554, 0.3677334487438202, 0.9296265244483948]",0.9860159158706665,"[-0.03697687014937401, 0.3670608699321747, 0.9294617176055908]",0.800301524315048,162927,202430,28455,39361,28280,0.9999130964279175,0.18517273965117062,0.18516381659637543,0.18571439155561853,0.4674558691972534,0.36975260991337117,0.9943375743264317,0.12873510003555566,0.020200499973725528,0.2449237999971956,128,96
4,mlesac,110,0.025,0.025,300,"[-0.023804791271686554, 0.3677334487438202, 0.9296265244483948]",0.9860159158706665,"[-0.03697687014937401, 0.3670608699321747, 0.9294617176055908]",0.800301524315048,162927,202430,28455,39361,28280,0.9999130964279175,0.18517273965117062,0.18516381659637543,0.18571439155561853,0.4674558691972534,0.36975260991337117,0.9943375743264317,0.18840879999333993,0.05486690002726391,0.33317959995474666,300,255
4,preemptive,110,0.025,0.025,300,"[-0.023804791271686554, 0.3677334487438202, 0.9296265244483948]",0.9860159158706665,"[-0.03697687014937401, 0.3670608699321747, 0.9294617176055908]",0.800301524315048,162927,202430,28455,39361,28280,0.9999130964279175,0.18517273965117062,0.18516381659637543,0.18571439155561853,0.4674558691972534,0.36975260991337117,0.9943375743264317,0.1028836999903433,0.027065400034189224,0.21175290003884584,1200,900
